,,,,,,,,,,,,,,,,,,,,,
,,,,,,,,,,,,,,,,,,,,,
,,,,,,,,,,,,,,,,,,,,,
Baker Hughes Canadian Land & Offshore Split by Province,,,,,,,,,,,,,,,,,,,,,
,,,,,,,,,,,,,,,,,,,,,
,Alberta,British Columbia,Kavik,Manitoba,New Brunswick,Newfound Land,,N.W. Territories,Nova Scotia,,Ontario,,P.E. Island,Quebec,Saskatchewan,West Coast,,TOTAL CANADA,,,
DATE,Land,Land,Land,Land,Land,Land,Offshore,Land,Land,Offshore,Land,Offshore,Land,Land,Land,Land,Offshore,Land,Offshore,TOTAL,
3/28/2003,195,69,0,0,0,0,4,3,0,0,0,0,0,0,17,0,0,284,4,288,
4/4/2003,164,40,0,0,0,0,3,3,0,0,0,0,0,0,11,0,0,218,3,221,
4/11/2003,139,22,0,0,0,0,3,3,0,0,0,0,0,0,8,0,0,172,3,175,
4/17/2003,84,16,0,0,0,0,1,2,0,0,0,0,0,0,6,0,0,108,1,109,
4/25/2003,75,15,0,0,0,0,1,2,0,0,0,0,0,0,5,0,0,97,1,98,
5/2/2003,84,13,0,0,0,0,3,2,0,1,0,0,0,0,7,0,0,106,4,110,
5/9/2003,62,10,0,0,0,0,3,2,0,1,0,0,0,0,13,0,0,87,4,91,
5/16/2003,62,9,0,0,0,0,3,2,0,1,0,0,0,0,22,0,0,95,4,99,
5/23/2003,123,6,0,1,0,0,3,1,0,1,0,0,0,0,56,0,0,187,4,191,
5/30/2003,189,7,0,0,0,0,3,1,0,2,1,1,0,0,54,0,0,252,6,258,
6/6/2003,199,6,0,1,0,0,2,1,0,1,1,1,0,0,56,0,0,264,4,268,
6/13/2003,253,5,0,3,0,0,2,1,0,1,1,1,0,0,48,0,0,311,4,315,
6/20/2003,269,8,0,1,0,0,2,1,0,1,1,1,0,0,53,0,0,333,4,337,
6/27/2003,242,10,0,3,0,0,1,1,0,2,1,1,0,0,49,0,0,306,4,310,
7/3/2003,291,16,0,2,0,0,2,1,0,2,1,1,1,0,58,0,0,370,5,375,
7/11/2003,291,19,0,1,0,0,2,1,0,2,1,1,1,0,63,0,0,377,5,382,
7/18/2003,317,27,0,3,0,0,2,1,0,2,1,1,1,0,57,0,0,407,5,412,
7/25/2003,328,33,0,3,0,0,3,1,1,1,1,1,0,0,52,0,0,419,5,424,
8/1/2003,317,35,0,1,0,0,3,1,1,1,1,1,0,0,55,0,0,411,5,416,
8/8/2003,304,34,0,1,0,0,4,1,1,1,0,1,0,0,50,0,0,391,6,397,
8/15/2003,307,37,0,1,0,0,3,1,1,1,0,1,0,0,53,0,0,400,5,405,
8/22/2003,301,43,0,1,0,0,2,1,1,0,0,1,0,1,45,0,0,393,3,396,
8/29/2003,306,51,0,1,0,0,3,1,1,0,0,1,0,1,42,0,0,403,4,407,
9/5/2003,269,47,0,1,0,0,4,1,0,1,0,1,0,1,42,0,0,361,6,367,
9/12/2003,280,44,0,2,0,0,4,0,0,1,0,1,0,1,45,0,0,372,6,378,
9/19/2003,237,45,0,0,0,0,3,0,1,1,0,1,0,1,49,0,0,333,5,338,
9/26/2003,214,42,0,2,0,0,2,0,1,1,0,1,0,1,44,0,0,304,4,308,
10/3/2003,292,49,0,2,0,0,3,0,0,1,0,0,0,1,48,0,0,392,4,396,
10/10/2003,320,51,0,1,0,0,3,0,0,1,0,0,0,1,41,0,0,414,4,418,
10/17/2003,289,52,0,1,0,0,3,0,0,0,0,0,0,1,45,0,0,388,3,391,
10/24/2003,279,52,0,0,0,0,3,0,0,0,0,0,0,1,54,0,0,386,3,389,
10/31/2003,268,52,0,1,0,0,2,0,0,0,0,0,0,1,52,0,0,374,2,376,
11/7/2003,270,52,0,0,0,0,2,0,0,0,0,0,0,1,53,0,0,376,2,378,
11/14/2003,297,59,0,1,0,0,2,0,0,1,0,0,0,1,62,0,0,420,3,423,
11/21/2003,297,65,0,1,0,0,2,0,0,2,0,0,0,0,47,0,0,410,4,414,
11/26/2003,313,68,0,1,0,0,2,0,0,2,0,0,0,0,48,0,0,430,4,434,
12/5/2003,330,83,0,1,0,0,3,0,0,2,0,0,0,0,46,0,0,460,5,465,
12/12/2003,344,81,0,0,0,0,2,0,0,2,0,0,0,1,55,0,0,481,4,485,
12/19/2003,361,91,0,0,0,0,3,0,0,2,0,0,0,1,37,0,0,490,5,495,
12/23/2003,195,88,0,0,0,0,4,0,0,2,0,0,0,1,18,0,0,302,6,308,
12/31/2003,227,89,0,0,0,0,4,0,0,2,0,0,0,1,9,0,0,326,6,332,
1/9/2004,338,121,0,0,0,0,3,0,0,2,0,0,0,0,24,0,0,483,5,488,
1/16/2004,380,145,0,0,0,0,3,0,0,2,0,0,0,1,32,0,0,558,5,563,
1/23/2004,379,156,0,1,0,0,2,3,0,2,0,0,0,1,32,0,0,572,4,576,
1/30/2004,389,157,0,1,0,0,2,3,0,2,0,0,0,1,30,0,0,581,4,585,
2/6/2004,361,153,0,1,0,0,2,6,0,2,0,0,0,1,26,0,0,548,4,552,
2/13/2004,389,146,0,1,0,0,1,5,0,2,0,0,0,1,41,0,0,583,3,586,
2/20/2004,374,146,0,1,0,0,1,6,0,2,0,0,0,1,43,0,0,571,3,574,
2/27/2004,359,145,0,1,0,0,1,5,0,2,0,0,0,1,46,0,0,557,3,560,
3/5/2004,359,139,0,2,1,0,2,4,0,2,0,0,0,1,46,0,0,552,4,556,
3/12/2004,352,116,0,1,1,0,3,4,0,1,0,0,0,1,42,0,0,517,4,521,
3/19/2004,308,101,0,2,1,0,4,5,0,1,0,0,0,1,28,0,0,446,5,451,
3/26/2004,215,84,0,1,1,0,3,1,0,1,0,0,0,0,14,0,0,316,4,320,
4/2/2004,131,46,0,1,1,0,3,0,0,1,0,0,0,0,11,0,0,190,4,194,
4/8/2004,115,25,0,0,1,0,3,0,0,1,0,0,0,0,3,0,0,144,4,148,
4/16/2004,110,21,0,0,1,0,2,1,0,1,0,0,0,0,1,0,0,134,3,137,
4/23/2004,101,21,0,0,1,0,3,1,0,1,0,0,0,0,2,0,0,126,4,130,
4/30/2004,119,18,0,0,1,0,3,1,0,1,0,0,0,0,12,0,0,151,4,155,
5/7/2004,140,13,0,0,0,0,1,1,0,1,0,0,0,0,29,0,0,183,2,185,
5/14/2004,119,11,0,0,0,0,1,1,0,1,0,0,0,0,34,0,0,165,2,167,
5/21/2004,157,9,0,0,0,0,1,1,0,0,0,0,0,0,33,0,0,200,1,201,
5/28/2004,155,5,0,0,0,0,1,1,0,1,0,0,0,0,32,0,0,193,2,195,
6/4/2004,214,3,0,0,0,0,2,1,0,1,0,0,0,0,35,0,0,253,3,256,
6/11/2004,225,3,0,0,0,0,2,1,0,2,0,0,0,0,40,0,0,269,4,273,
6/18/2004,158,5,0,1,0,0,2,0,0,2,0,0,0,0,28,0,0,192,4,196,
6/25/2004,260,10,0,1,0,0,3,0,0,3,0,0,0,0,57,0,0,328,6,334,
7/2/2004,315,19,0,2,0,0,3,0,0,3,0,0,0,0,55,0,0,391,6,397,
7/9/2004,237,26,0,2,0,0,3,0,0,3,0,0,0,0,42,0,0,307,6,313,
7/16/2004,169,23,0,2,0,0,3,0,0,3,0,1,0,0,40,0,0,234,7,241,
7/23/2004,287,36,0,2,0,0,3,0,0,3,0,1,0,0,48,0,0,373,7,380,
7/30/2004,323,39,0,2,0,0,3,0,0,3,0,1,0,0,52,0,0,416,7,423,
8/6/2004,296,41,0,2,0,0,1,0,0,3,0,1,0,0,40,0,0,379,5,384,
8/13/2004,269,41,0,1,0,0,1,0,0,3,0,1,0,0,41,0,0,352,5,357,
8/20/2004,288,44,0,2,0,0,1,0,0,3,0,1,0,0,52,0,0,386,5,391,
8/27/2004,190,45,0,3,0,0,1,1,0,3,0,1,0,0,35,0,0,274,5,279,
9/3/2004,193,41,0,1,0,0,3,1,0,0,0,1,0,0,55,0,0,291,4,295,
9/10/2004,170,29,0,1,0,0,3,1,0,0,0,1,0,0,56,0,0,257,4,261,
9/17/2004,177,22,0,2,0,0,3,1,0,0,0,1,0,0,40,0,0,242,4,246,
9/24/2004,215,25,0,2,0,0,4,1,0,0,0,1,0,0,43,0,0,286,5,291,
10/1/2004,250,25,0,1,0,0,4,1,0,0,0,1,0,0,33,0,0,310,5,315,
10/8/2004,328,33,0,2,0,0,4,1,0,0,0,1,0,0,36,0,0,400,5,405,
10/15/2004,328,42,0,2,0,0,4,1,0,0,0,1,0,0,32,0,0,405,5,410,
10/22/2004,268,44,0,2,0,1,1,1,0,0,0,0,0,1,37,1,0,355,1,356,
10/29/2004,294,44,0,2,0,0,2,1,0,0,0,0,0,1,27,1,0,370,2,372,
11/5/2004,335,49,0,2,0,1,2,1,0,0,0,0,0,1,40,1,0,430,2,432,
11/12/2004,350,47,0,2,0,1,2,1,0,0,0,0,0,1,43,1,0,446,2,448,
11/19/2004,357,42,0,1,0,1,3,1,0,1,0,0,0,1,37,0,0,440,4,444,
11/24/2004,362,50,0,0,0,1,3,1,0,1,0,0,0,1,43,0,0,458,4,462,
12/3/2004,354,58,0,2,0,1,3,1,0,1,0,0,0,1,38,0,0,455,4,459,
12/10/2004,379,63,0,2,0,1,2,1,0,1,0,0,0,1,50,0,0,497,3,500,
12/17/2004,396,73,0,2,0,1,3,1,0,1,0,0,0,0,47,0,0,520,4,524,
12/23/2004,297,51,0,0,0,1,3,1,0,1,0,0,0,0,17,0,0,367,4,371,
12/31/2004,265,63,1,0,0,0,2,1,0,1,0,0,0,0,12,1,0,343,3,346,
1/7/2005,331,105,1,0,0,0,2,1,0,1,0,0,0,0,19,1,0,458,3,461,
1/14/2005,373,136,1,2,0,0,2,1,0,1,0,0,0,0,31,1,0,545,3,548,
1/21/2005,397,148,2,3,0,0,2,1,0,1,0,0,0,0,41,1,0,593,3,596,
1/28/2005,388,155,2,3,0,0,2,1,0,1,0,0,0,0,41,1,0,591,3,594,
2/4/2005,371,157,2,3,0,0,2,1,0,1,0,0,0,0,38,1,0,573,3,576,
2/11/2005,385,158,2,2,0,0,4,1,0,0,0,0,0,0,37,0,0,585,4,589,
2/18/2005,386,157,2,2,0,0,4,1,0,0,0,0,0,0,37,0,0,585,4,589,
2/25/2005,405,159,2,2,0,0,0,0,0,0,0,0,0,0,49,0,0,617,0,617,
3/4/2005,396,139,2,3,0,0,0,4,0,0,0,0,0,0,49,0,0,593,0,593,
3/11/2005,307,88,2,2,0,0,0,4,0,0,0,0,0,0,38,0,0,441,0,441,
3/18/2005,241,49,2,2,0,0,2,2,0,1,0,0,0,0,30,0,0,326,3,329,
3/24/2005,252,35,2,2,0,0,2,2,0,1,0,0,0,0,20,0,0,313,3,316,
4/1/2005,188,30,2,0,0,0,2,0,0,1,0,0,0,0,7,0,0,227,3,230,
4/8/2005,156,38,2,0,0,0,2,0,0,1,0,0,0,0,9,0,0,205,3,208,
4/15/2005,115,33,2,0,0,0,2,0,0,1,0,0,0,0,7,0,0,157,3,160,
4/22/2005,114,32,2,0,0,0,2,0,0,1,0,0,0,0,8,0,0,156,3,159,
4/29/2005,113,29,2,0,0,0,2,0,0,1,0,0,0,0,13,0,0,157,3,160,
5/6/2005,133,30,2,0,0,0,2,0,0,1,0,0,0,0,26,0,0,191,3,194,
5/13/2005,177,25,2,0,1,1,3,0,0,0,1,0,0,0,45,0,0,252,3,255,
5/20/2005,183,26,2,0,1,0,3,0,0,0,0,0,0,0,51,1,0,264,3,267,
5/27/2005,193,21,2,0,1,0,3,0,0,0,0,0,0,0,50,1,0,268,3,271,
6/3/2005,274,23,2,1,1,0,3,0,0,0,0,0,0,0,70,1,0,372,3,375,
6/10/2005,228,22,0,0,1,0,3,0,0,0,1,1,0,0,63,0,0,315,4,319,
6/17/2005,165,24,0,0,1,0,3,0,0,0,1,1,0,0,27,0,0,218,4,222,
6/24/2005,180,29,0,2,1,0,3,0,0,0,1,1,0,0,40,0,0,253,4,257,
7/1/2005,245,39,0,0,1,0,3,0,0,0,1,1,0,0,58,0,0,344,4,348,
7/8/2005,287,41,0,0,1,0,2,0,0,0,1,1,0,0,34,0,0,364,3,367,
7/15/2005,371,46,0,2,1,0,2,0,0,0,1,1,0,0,69,0,0,490,3,493,
7/22/2005,400,46,0,2,1,0,3,0,0,0,1,1,0,0,67,0,0,517,4,521,
7/29/2005,400,47,0,3,1,0,3,0,0,0,1,1,0,0,65,0,0,517,4,521,
8/5/2005,429,52,0,4,1,0,3,0,0,0,1,1,0,0,66,0,0,553,4,557,
8/12/2005,446,52,0,3,1,0,3,0,0,0,1,1,0,0,72,0,0,575,4,579,
8/19/2005,414,53,0,1,1,0,3,0,0,1,1,1,0,0,60,0,0,530,5,535,
8/26/2005,390,51,0,1,1,0,3,0,0,1,1,1,0,0,60,0,0,504,5,509,
9/2/2005,410,49,0,6,1,0,3,0,0,1,1,1,0,0,49,0,0,516,5,521,
9/9/2005,431,50,0,8,1,0,3,0,0,1,1,1,0,0,62,0,0,553,5,558,
9/16/2005,340,46,0,5,1,0,4,0,0,1,1,1,0,0,44,0,0,437,6,443,
9/23/2005,314,49,0,4,1,0,4,0,0,1,1,1,0,0,51,0,0,420,6,426,
9/30/2005,405,51,0,5,1,0,4,0,0,1,1,1,0,0,68,0,0,531,6,537,
10/7/2005,350,51,0,5,1,0,3,0,0,1,1,1,0,0,64,0,0,472,5,477,
10/14/2005,404,58,0,4,1,0,3,0,0,1,1,1,0,0,61,0,0,529,5,534,
10/21/2005,426,59,0,4,1,0,3,0,0,1,1,1,0,0,71,0,0,562,5,567,
10/28/2005,434,67,0,4,1,0,3,0,0,1,1,1,0,0,73,0,0,580,5,585,
11/4/2005,439,61,0,1,1,0,3,0,0,1,1,1,0,0,74,0,0,577,5,582,
11/11/2005,427,63,0,3,1,0,3,0,0,1,1,1,0,0,69,0,0,564,5,569,
11/18/2005,472,73,0,5,1,0,3,0,0,1,0,0,0,1,63,0,0,615,4,619,
11/23/2005,486,70,0,7,1,0,3,0,0,1,0,0,0,1,62,0,0,627,4,631,
12/2/2005,492,79,0,6,1,0,3,0,0,1,0,0,0,1,70,0,0,649,4,653,
12/9/2005,526,68,0,9,1,0,3,0,0,1,0,0,0,1,70,0,0,675,4,679,
12/16/2005,500,65,0,8,1,0,3,0,0,1,0,0,0,1,70,0,0,645,4,649,
12/22/2005,414,60,0,5,1,0,3,0,0,1,0,0,0,1,47,0,0,528,4,532,
12/30/2005,302,45,0,0,1,0,3,0,0,1,0,0,0,1,11,0,0,360,4,364,
1/6/2006,454,81,0,8,1,0,3,0,0,1,0,0,0,1,45,0,0,590,4,594,
1/13/2006,501,105,0,8,1,0,3,0,0,1,0,0,0,1,54,0,0,670,4,674,
1/20/2006,492,117,0,4,1,0,3,0,0,1,0,0,0,1,56,0,0,671,4,675,
1/27/2006,498,131,0,7,1,0,3,0,0,1,0,0,0,1,56,0,0,694,4,698,
2/3/2006,534,128,0,8,1,0,1,0,0,1,0,0,0,1,53,0,0,725,2,727,
2/10/2006,517,138,1,8,1,0,2,0,0,1,0,0,0,0,46,0,0,711,3,714,
2/17/2006,527,131,1,7,1,0,2,0,0,1,0,0,0,0,48,0,0,715,3,718,
2/24/2006,506,131,1,6,1,0,3,0,1,1,0,0,0,0,49,0,0,695,4,699,
3/3/2006,494,134,0,8,0,0,2,0,0,1,0,0,0,0,49,0,0,685,3,688,
3/10/2006,500,132,0,7,0,0,3,0,0,1,0,0,0,0,47,0,0,686,4,690,
3/17/2006,487,108,0,4,1,0,3,0,0,0,0,0,0,0,55,0,0,655,3,658,
3/24/2006,515,71,0,3,1,0,3,0,0,0,0,0,0,0,46,0,0,636,3,639,
3/31/2006,348,42,0,1,2,0,2,0,0,0,1,0,0,0,29,0,0,423,2,425,
4/7/2006,212,40,0,0,0,0,2,0,0,0,1,0,0,0,14,0,0,267,2,269,
4/13/2006,147,36,0,1,1,0,2,0,0,0,1,0,0,0,8,0,0,194,2,196,
4/21/2006,125,37,0,1,1,0,2,0,0,0,1,0,0,0,9,0,0,174,2,176,
4/28/2006,104,35,0,1,1,0,3,0,0,0,1,0,0,0,5,0,0,147,3,150,
5/5/2006,104,39,0,1,1,0,2,0,0,0,1,0,0,0,19,0,0,165,2,167,
5/12/2006,131,34,0,1,1,0,2,0,0,0,0,1,0,0,29,0,0,196,3,199,
5/19/2006,183,31,0,1,1,0,2,0,0,0,0,1,0,0,48,0,0,264,3,267,
5/26/2006,226,32,0,2,1,0,2,0,0,0,0,1,0,0,61,0,0,322,3,325,
6/2/2006,206,31,0,2,1,0,3,0,0,0,0,1,0,0,49,0,0,289,4,293,
6/9/2006,335,32,0,4,1,0,3,0,0,0,0,1,0,0,67,0,0,439,4,443,
6/16/2006,328,36,0,8,1,0,3,0,0,0,0,1,0,0,64,0,0,437,4,441,
6/23/2006,281,39,0,9,1,0,3,0,0,0,0,1,0,0,58,0,0,388,4,392,
6/30/2006,345,45,0,8,0,0,2,0,0,0,0,1,0,1,71,0,0,470,3,473,
7/7/2006,431,44,0,9,0,0,2,0,0,0,0,1,0,1,72,0,0,557,3,560,
7/14/2006,439,49,0,7,0,0,2,0,0,0,0,1,0,1,72,0,0,568,3,571,
7/21/2006,401,47,0,6,1,0,2,0,0,0,0,1,0,0,75,0,0,530,3,533,
7/28/2006,413,50,0,8,1,0,2,0,0,0,0,1,0,0,72,0,0,544,3,547,
8/4/2006,361,48,0,5,1,0,2,0,0,0,0,1,0,0,68,0,0,483,3,486,
8/11/2006,353,50,0,6,1,0,2,0,0,0,0,1,0,0,67,0,0,477,3,480,
8/18/2006,345,48,0,2,1,0,2,0,0,0,0,1,0,0,72,0,0,468,3,471,
8/25/2006,363,45,0,6,1,0,2,0,0,0,0,1,0,0,71,0,0,486,3,489,
9/1/2006,363,57,0,5,1,0,4,0,0,0,0,1,0,0,74,0,0,500,5,505,
9/8/2006,351,60,0,6,1,0,4,0,0,0,0,1,0,0,68,0,0,486,5,491,
9/15/2006,368,58,0,3,1,0,4,0,0,0,0,1,0,0,67,0,0,497,5,502,
9/22/2006,265,55,0,4,1,0,4,0,0,0,0,1,0,0,50,0,0,375,5,380,
9/29/2006,242,44,0,1,1,0,4,0,0,0,0,1,0,0,60,0,0,348,5,353,
10/6/2006,336,47,0,3,1,0,5,0,0,0,0,1,0,0,56,0,0,443,6,449,
10/13/2006,355,43,0,4,0,0,3,0,0,0,0,1,0,0,71,0,0,473,4,477,
10/20/2006,341,45,0,1,0,0,2,0,0,0,0,1,0,0,65,0,0,452,3,455,
10/27/2006,231,39,0,3,0,0,2,0,0,0,0,1,0,0,67,0,0,340,3,343,
11/3/2006,264,39,0,4,0,0,2,0,0,0,0,1,0,0,66,0,0,373,3,376,
11/10/2006,332,44,0,2,0,1,4,0,0,0,0,1,0,0,62,0,0,441,5,446,
11/17/2006,342,44,0,1,0,1,4,0,0,0,0,1,0,0,59,0,0,447,5,452,
11/22/2006,335,46,0,2,0,1,4,0,0,0,0,1,0,0,64,0,0,448,5,453,
12/1/2006,319,49,0,2,0,1,3,0,0,0,0,1,0,0,67,0,0,438,4,442,
12/8/2006,345,47,0,3,0,1,3,0,0,0,0,1,0,0,63,0,0,459,4,463,
12/15/2006,369,55,0,2,1,1,3,0,0,0,0,1,0,0,65,0,0,493,4,497,
12/22/2006,352,54,0,0,1,0,3,0,0,0,0,1,0,0,39,0,0,446,4,450,
12/29/2006,337,53,0,0,1,0,3,0,0,0,0,1,0,0,34,0,0,425,4,429,
1/5/2007,324,64,0,0,1,0,4,0,0,0,0,1,0,0,23,0,0,412,5,417,
1/12/2007,435,82,0,2,1,0,3,0,0,0,0,1,0,0,62,0,0,582,4,586,
1/19/2007,460,77,0,3,1,0,1,0,0,0,0,1,0,0,63,0,0,604,2,606,
1/26/2007,506,79,0,4,1,0,3,0,0,0,0,1,0,0,70,0,0,660,4,664,
2/2/2007,503,79,0,5,1,0,0,0,0,0,0,1,0,0,71,0,0,659,1,660,
2/9/2007,493,73,0,4,1,0,1,0,0,0,0,1,0,0,68,0,0,639,2,641,
2/16/2007,486,74,1,5,0,0,0,0,0,1,0,1,0,0,68,0,0,634,2,636,
2/23/2007,459,71,1,6,0,0,0,0,0,1,0,1,0,0,64,0,0,601,2,603,
3/2/2007,456,59,2,10,0,0,0,0,0,0,0,1,0,0,73,0,0,600,1,601,
3/9/2007,423,47,2,8,0,0,1,0,0,0,0,1,0,0,71,0,0,551,2,553,
3/16/2007,304,42,1,5,0,0,1,0,0,0,0,1,0,0,55,0,0,407,2,409,
3/23/2007,167,40,2,3,1,0,1,0,0,0,0,1,0,0,31,0,0,244,2,246,
3/30/2007,99,32,0,0,1,0,2,0,0,0,0,1,0,0,14,0,0,146,3,149,
4/6/2007,84,29,0,0,2,0,3,0,0,0,0,1,0,0,7,0,0,122,4,126,
4/13/2007,61,24,0,0,2,0,4,0,0,0,0,1,0,0,5,0,0,92,5,97,
4/20/2007,61,22,0,0,2,0,4,0,0,0,0,1,0,0,8,0,0,93,5,98,
4/27/2007,49,21,0,0,0,0,1,0,0,0,0,1,0,0,7,0,0,77,2,79,
5/4/2007,46,19,0,0,2,0,1,0,0,0,0,1,0,0,20,0,0,87,2,89,
5/11/2007,51,16,0,0,2,0,1,0,0,0,0,1,0,0,32,0,0,101,2,103,
5/18/2007,68,16,0,0,2,0,1,0,0,0,0,1,0,0,33,0,0,119,2,121,
5/25/2007,52,16,0,0,2,0,1,0,0,0,0,1,0,0,42,0,0,112,2,114,
6/1/2007,60,19,0,2,2,0,1,0,0,0,0,1,0,0,51,0,0,134,2,136,
6/8/2007,132,21,0,4,2,0,1,0,0,0,0,1,0,0,65,0,0,224,2,226,
6/15/2007,164,23,0,4,2,0,1,0,0,0,0,1,0,0,56,0,0,249,2,251,
6/22/2007,135,26,0,2,2,0,1,0,0,0,0,1,0,0,38,0,0,203,2,205,
6/29/2007,146,29,0,5,2,0,1,0,0,0,0,1,0,0,47,0,0,229,2,231,
7/6/2007,194,28,0,4,2,0,1,0,0,0,0,1,0,0,56,0,0,284,2,286,
7/13/2007,252,34,0,4,2,0,1,0,0,0,0,1,0,0,66,0,0,358,2,360,
7/20/2007,270,39,0,5,2,0,1,0,0,0,0,1,0,0,59,0,0,375,2,377,
7/27/2007,262,38,0,5,2,0,1,0,0,0,0,1,0,0,62,0,0,369,2,371,
8/3/2007,275,45,0,6,2,0,1,0,0,0,0,1,0,0,64,0,0,392,2,394,
8/10/2007,260,50,0,5,2,0,1,0,0,0,0,1,0,0,58,0,0,375,2,377,
8/17/2007,212,41,0,5,2,0,1,0,0,0,0,1,0,0,59,0,0,319,2,321,
8/24/2007,212,48,0,6,2,0,1,0,0,0,0,1,0,0,49,0,0,317,2,319,
8/31/2007,193,45,0,5,2,0,2,0,0,0,0,1,0,0,57,0,0,302,3,305,
9/7/2007,219,42,0,5,2,0,2,0,0,0,0,1,0,0,64,0,0,332,3,335,
9/14/2007,239,50,0,8,2,0,2,0,0,0,0,1,0,0,62,0,0,361,3,364,
9/21/2007,235,50,0,6,2,0,2,0,0,0,0,1,0,0,63,0,0,356,3,359,
9/28/2007,237,43,0,7,2,0,2,0,0,0,0,1,0,0,55,0,0,344,3,347,
10/5/2007,212,42,0,6,2,0,2,0,0,0,0,1,0,0,67,0,0,329,3,332,
10/12/2007,223,42,0,7,2,0,2,0,0,0,0,1,0,0,66,0,0,340,3,343,
10/19/2007,212,41,0,6,2,0,2,0,0,0,0,1,0,0,67,0,0,328,3,331,
10/26/2007,230,41,0,5,2,0,2,0,0,0,0,1,0,0,64,0,0,342,3,345,
11/2/2007,243,45,0,5,2,0,2,0,0,0,0,1,0,0,70,0,0,365,3,368,
11/9/2007,229,53,0,5,1,0,1,0,0,0,0,1,0,0,71,0,0,359,2,361,
11/16/2007,227,51,0,4,1,0,2,0,0,0,0,1,0,0,70,0,0,353,3,356,
11/21/2007,257,52,0,5,1,0,2,0,0,0,0,1,0,0,73,0,0,388,3,391,
11/30/2007,252,53,0,5,1,0,1,0,0,0,0,1,0,0,68,0,0,379,2,381,
12/7/2007,253,52,0,8,1,0,1,0,0,0,0,1,0,0,74,0,0,388,2,390,
12/14/2007,285,49,0,8,1,0,1,0,0,0,0,1,0,0,74,0,0,417,2,419,
12/21/2007,257,56,0,8,1,0,1,0,0,0,0,1,0,0,48,0,0,370,2,372,
12/28/2007,185,49,0,1,1,0,1,0,0,0,0,1,0,0,22,0,0,258,2,260,
1/4/2008,231,48,0,2,1,0,1,0,0,0,0,1,0,0,35,0,0,317,2,319,
1/11/2008,364,81,0,6,1,0,1,0,0,0,0,1,0,0,61,0,0,513,2,515,
1/18/2008,395,90,1,7,2,0,2,0,0,0,0,1,0,1,61,0,0,557,3,560,
1/25/2008,420,85,1,7,2,0,2,0,0,0,0,1,0,0,64,0,0,579,3,582,
2/1/2008,433,81,1,5,1,0,1,0,0,0,0,0,0,0,71,0,0,592,1,593,
2/8/2008,436,79,1,7,1,0,1,0,0,0,0,0,0,0,73,0,0,597,1,598,
2/15/2008,477,72,2,8,1,0,1,0,0,0,1,0,0,0,70,0,0,631,1,632,
2/22/2008,490,71,2,10,1,0,1,0,0,0,1,0,0,0,71,0,0,646,1,647,
2/29/2008,474,63,2,13,1,0,1,0,0,0,1,0,0,0,77,0,0,631,1,632,
3/7/2008,463,62,2,11,1,0,1,2,0,0,1,0,0,0,80,0,0,622,1,623,
3/14/2008,359,60,2,9,1,0,1,2,0,0,0,0,0,0,76,0,0,509,1,510,
3/21/2008,228,47,2,2,1,0,0,2,0,0,0,0,0,0,46,0,0,328,0,328,
3/28/2008,108,39,2,0,2,0,1,1,0,0,0,0,0,0,18,0,0,170,1,171,
4/4/2008,77,34,2,0,2,0,1,0,0,0,0,0,0,0,10,0,0,125,1,126,
4/11/2008,61,35,0,0,2,0,1,0,0,0,1,0,0,0,12,0,0,111,1,112,
4/18/2008,55,28,0,0,2,0,1,0,0,0,1,0,0,0,9,0,0,95,1,96,
4/25/2008,46,28,0,0,1,1,1,0,0,0,1,0,0,0,10,0,0,87,1,88,
5/2/2008,42,28,0,0,1,1,1,0,0,0,1,0,0,0,21,0,0,94,1,95,
5/9/2008,41,27,0,0,1,1,1,0,0,0,1,0,0,0,50,0,0,121,1,122,
5/16/2008,41,26,0,0,1,0,1,0,0,0,1,0,0,0,62,0,0,131,1,132,
5/23/2008,54,25,0,1,2,0,0,0,0,0,1,0,0,0,69,0,0,152,0,152,
5/30/2008,60,24,0,6,2,0,0,0,0,0,1,0,0,0,83,0,0,176,0,176,
6/6/2008,99,22,0,6,1,0,0,0,0,0,1,0,0,0,89,0,0,218,0,218,
6/13/2008,121,20,0,6,3,0,0,0,0,0,1,0,0,0,79,0,0,230,0,230,
6/20/2008,135,29,0,7,3,1,0,0,0,0,1,0,0,0,83,0,0,259,0,259,
6/27/2008,205,42,0,7,3,1,1,0,0,0,1,0,0,0,96,0,0,355,1,356,
7/4/2008,230,49,0,6,3,1,1,0,0,0,0,0,0,0,98,0,0,387,1,388,
7/11/2008,247,54,0,6,2,1,1,0,0,0,0,0,0,0,103,0,0,413,1,414,
7/18/2008,234,61,0,8,2,1,1,0,0,0,0,0,0,0,103,0,0,409,1,410,
7/25/2008,257,62,0,9,3,1,1,0,0,0,0,0,0,0,102,0,0,434,1,435,
8/1/2008,268,65,0,11,3,1,1,0,0,0,0,0,0,0,102,0,0,450,1,451,
8/8/2008,284,65,0,8,3,1,1,0,0,0,0,0,0,0,113,0,0,474,1,475,
8/15/2008,250,64,0,12,3,1,1,0,0,0,0,0,0,0,95,0,0,425,1,426,
8/22/2008,272,63,0,11,0,0,1,0,1,0,0,0,0,0,109,0,0,456,1,457,
8/29/2008,262,59,0,11,0,1,1,0,2,0,0,0,0,0,100,0,0,435,1,436,
9/5/2008,250,62,0,11,0,1,1,0,2,0,0,0,0,0,91,0,0,417,1,418,
9/12/2008,254,61,0,12,0,0,1,0,3,0,0,0,0,0,102,0,0,432,1,433,
9/19/2008,245,56,0,11,0,0,2,0,2,0,0,0,0,0,109,0,0,423,2,425,
9/26/2008,273,71,0,10,0,0,1,0,1,0,0,0,0,0,109,0,0,464,1,465,
10/3/2008,241,71,0,8,2,0,1,0,0,0,0,0,0,0,108,0,0,430,1,431,
10/10/2008,276,73,0,8,2,0,1,0,0,0,0,0,0,0,110,0,0,469,1,470,
10/17/2008,269,62,0,7,1,0,2,0,0,0,0,0,0,0,96,0,0,435,2,437,
10/24/2008,270,61,0,9,0,1,2,0,0,0,0,0,0,0,104,0,0,445,2,447,
10/31/2008,267,55,0,9,1,1,2,0,0,0,0,0,0,0,108,0,0,441,2,443,
11/7/2008,277,53,0,8,1,1,2,0,0,0,0,0,0,0,103,0,0,443,2,445,
11/14/2008,255,59,0,8,0,1,2,0,0,0,0,0,0,0,93,0,0,416,2,418,
11/21/2008,244,55,0,9,0,1,2,0,0,0,0,0,0,0,89,0,0,398,2,400,
11/26/2008,251,59,0,7,1,1,1,0,0,0,0,0,0,0,86,0,0,405,1,406,
12/5/2008,255,60,0,6,1,1,2,0,0,0,0,0,0,0,79,0,0,402,2,404,
12/12/2008,243,65,0,6,1,0,1,0,0,0,0,0,0,0,74,0,0,389,1,390,
12/19/2008,242,60,0,7,1,0,2,0,0,0,0,0,0,0,57,0,0,367,2,369,
12/26/2008,174,46,0,7,1,0,2,0,0,0,0,0,0,0,49,0,0,277,2,279,
1/2/2009,168,46,0,0,1,0,2,0,0,0,0,0,0,0,13,0,0,228,2,230,
1/9/2009,233,68,0,3,2,0,2,0,0,0,0,0,0,0,52,0,0,358,2,360,
1/16/2009,305,76,0,7,1,0,2,0,0,0,0,0,0,0,47,0,0,436,2,438,
1/23/2009,281,88,0,8,1,0,2,0,0,0,0,0,0,0,46,0,0,424,2,426,
1/30/2009,291,88,0,8,2,0,1,0,0,0,0,0,0,0,42,0,0,431,1,432,
2/6/2009,307,87,0,6,2,0,1,0,0,0,0,0,0,0,32,0,0,434,1,435,
2/13/2009,301,80,0,6,2,0,1,0,0,0,0,0,0,0,31,0,0,420,1,421,
2/20/2009,289,76,0,6,2,0,0,0,0,0,0,0,0,0,28,0,0,401,0,401,
2/27/2009,281,72,0,6,2,0,0,0,0,0,0,0,0,0,33,0,0,394,0,394,
3/6/2009,198,69,0,5,0,0,1,0,0,0,0,0,0,0,26,0,0,298,1,299,
3/13/2009,141,53,0,5,0,0,1,0,0,0,0,0,0,0,20,0,0,219,1,220,
3/20/2009,88,51,1,2,0,0,1,0,0,0,0,0,0,0,16,0,0,158,1,159,
3/27/2009,50,45,1,0,1,0,0,0,0,0,0,0,0,0,7,0,0,104,0,104,
4/3/2009,31,37,1,0,1,0,0,0,0,0,0,0,0,0,5,0,0,75,0,75,
4/9/2009,41,37,0,0,1,0,1,0,0,0,0,0,0,0,3,0,0,82,1,83,
4/17/2009,36,33,0,0,1,0,1,0,0,0,0,0,0,0,3,0,0,73,1,74,
4/24/2009,29,31,0,0,0,0,1,0,0,0,0,0,0,0,4,0,0,64,1,65,
5/1/2009,32,30,0,0,0,0,2,0,0,0,0,0,0,0,3,0,0,65,2,67,
5/8/2009,31,24,0,0,0,0,2,0,0,0,0,0,0,0,6,0,0,61,2,63,
5/15/2009,29,25,0,0,0,0,1,0,0,0,0,0,0,0,13,0,0,67,1,68,
5/22/2009,27,25,0,0,0,0,1,0,0,0,0,0,0,0,21,0,0,73,1,74,
5/29/2009,34,19,0,0,0,0,1,0,0,0,0,0,0,0,36,0,0,89,1,90,
6/5/2009,42,15,0,1,0,0,1,0,0,0,0,0,0,0,42,0,0,100,1,101,
6/12/2009,48,14,0,5,0,0,1,0,0,1,0,0,0,0,39,0,0,106,2,108,
6/19/2009,79,17,0,6,0,0,1,0,0,1,0,0,0,0,39,0,0,141,2,143,
6/26/2009,80,21,0,7,0,0,0,0,0,1,0,0,0,0,39,0,0,147,1,148,
7/2/2009,84,27,0,7,0,0,0,0,0,1,0,0,0,0,46,0,0,164,1,165,
7/10/2009,88,28,0,8,0,0,1,0,0,1,0,0,0,0,52,0,0,176,2,178,
7/17/2009,73,25,0,8,0,1,0,0,0,1,0,0,0,0,44,0,0,151,1,152,
7/24/2009,98,30,0,11,0,1,0,0,0,1,0,0,0,0,39,0,0,179,1,180,
7/31/2009,111,34,0,9,0,1,1,0,0,1,0,0,0,0,43,0,0,198,2,200,
8/7/2009,108,27,0,9,0,1,2,0,0,1,0,0,0,0,47,0,0,192,3,195,
8/14/2009,89,28,0,8,0,1,2,0,0,1,0,0,0,0,41,0,0,167,3,170,
8/21/2009,90,26,0,6,0,1,1,0,0,0,0,0,0,0,40,0,0,163,1,164,
8/28/2009,109,23,0,7,0,1,1,0,0,0,0,0,0,0,43,0,0,183,1,184,
9/4/2009,104,20,0,6,0,1,1,1,0,0,0,0,0,0,51,0,0,183,1,184,
9/11/2009,110,31,0,7,0,1,2,1,0,0,0,0,0,0,54,0,0,204,2,206,
9/18/2009,109,32,0,8,0,1,2,0,0,0,0,0,0,1,61,0,0,212,2,214,
9/25/2009,126,25,0,9,0,1,2,0,0,0,0,0,0,1,64,0,0,226,2,228,
10/2/2009,131,33,0,8,0,1,1,0,0,0,0,0,0,3,61,0,0,237,1,238,
10/9/2009,130,37,0,5,0,0,1,0,0,0,0,0,0,3,63,0,0,238,1,239,
10/16/2009,141,36,0,8,0,0,0,0,0,1,0,0,0,2,62,0,0,249,1,250,
10/23/2009,135,33,0,8,0,0,1,0,0,0,0,0,0,1,66,0,0,243,1,244,
10/30/2009,140,34,0,4,0,1,0,0,0,0,0,0,0,2,68,0,0,249,0,249,
11/6/2009,135,29,0,7,0,1,0,0,0,0,0,0,0,2,59,0,0,233,0,233,
11/13/2009,156,32,0,5,0,1,0,0,0,0,0,0,0,3,66,0,0,263,0,263,
11/20/2009,177,29,0,5,0,1,0,0,0,0,1,0,0,3,77,0,0,293,0,293,
11/25/2009,194,33,0,7,0,0,0,0,0,0,1,0,0,3,79,0,0,317,0,317,
12/4/2009,233,38,0,6,0,0,2,0,0,1,1,0,0,3,80,0,0,361,3,364,
12/11/2009,230,36,0,6,0,0,2,0,0,0,1,0,0,3,76,0,0,352,2,354,
12/18/2009,253,36,0,6,0,0,2,0,0,0,0,0,0,1,70,0,0,366,2,368,
12/23/2009,213,35,0,0,0,0,2,0,0,0,0,0,0,1,17,0,0,266,2,268,
12/31/2009,155,38,0,2,0,0,2,0,0,0,0,0,0,1,11,0,0,207,2,209,
1/8/2010,218,45,0,8,0,0,2,0,0,1,0,0,0,1,67,0,0,339,3,342,
1/15/2010,316,65,0,8,0,0,2,0,0,1,0,0,0,1,73,0,0,463,3,466,
1/22/2010,326,81,0,11,0,0,1,0,0,1,0,0,0,1,74,0,0,493,2,495,
1/29/2010,361,80,0,14,0,0,1,3,0,1,0,0,0,0,71,0,0,529,2,531,
2/5/2010,378,78,0,12,0,0,2,3,0,1,0,0,0,0,83,0,0,554,3,557,
2/12/2010,381,78,0,11,0,0,3,1,0,1,0,0,0,1,75,0,0,547,4,551,
2/19/2010,383,86,0,12,0,1,3,1,0,0,0,0,0,1,83,0,0,567,3,570,
2/26/2010,391,80,0,13,1,1,4,0,0,0,0,0,0,1,85,0,0,572,4,576,
3/5/2010,364,73,0,14,1,1,4,2,0,0,0,0,0,1,83,0,0,539,4,543,
3/12/2010,313,69,0,10,1,1,4,0,0,0,0,0,0,1,80,0,0,475,4,479,
3/19/2010,206,59,0,2,1,1,3,0,0,0,0,0,0,0,48,0,0,317,3,320,
3/26/2010,120,61,0,1,1,1,3,0,0,0,0,0,0,0,16,0,0,200,3,203,
4/1/2010,84,54,0,0,1,1,3,0,0,0,0,0,0,0,8,0,0,148,3,151,
4/9/2010,60,54,0,0,1,1,2,0,0,0,0,0,0,0,8,0,0,124,2,126,
4/16/2010,60,53,0,0,0,1,1,0,0,0,0,0,0,0,7,0,0,121,1,122,
4/23/2010,50,52,0,0,0,1,1,0,0,0,0,0,0,0,6,0,0,109,1,110,
4/30/2010,45,46,0,0,0,1,0,0,0,0,0,0,0,0,16,0,0,108,0,108,
5/7/2010,45,41,0,0,0,1,0,0,0,0,0,0,0,0,16,0,0,103,0,103,
5/14/2010,45,41,0,0,0,1,1,0,0,0,0,0,0,0,33,0,0,120,1,121,
5/21/2010,64,37,0,0,0,0,1,0,0,0,0,0,0,0,71,0,0,172,1,173,
5/28/2010,80,36,0,3,0,0,2,0,0,0,0,0,0,0,70,0,0,189,2,191,
6/4/2010,85,33,0,3,0,0,2,0,0,0,0,0,0,0,69,0,0,190,2,192,
6/11/2010,99,34,0,6,0,0,2,0,0,0,0,0,0,0,72,0,0,211,2,213,
6/18/2010,114,33,0,7,0,0,2,0,0,0,0,0,0,0,80,0,0,234,2,236,
6/25/2010,150,44,0,10,1,0,3,0,0,0,0,0,0,0,65,0,0,270,3,273,
7/2/2010,190,45,0,10,1,0,2,0,0,0,0,0,0,0,75,0,0,321,2,323,
7/9/2010,199,50,0,14,1,0,1,0,0,0,0,0,0,0,83,0,0,347,1,348,
7/16/2010,213,46,0,13,1,0,1,0,0,0,0,0,0,0,91,0,0,364,1,365,
7/23/2010,200,41,0,14,1,0,2,0,0,0,0,0,0,1,90,0,0,347,2,349,
7/30/2010,208,43,0,14,1,0,2,0,0,0,0,0,0,1,94,0,0,361,2,363,
8/6/2010,245,40,0,14,1,1,2,0,1,0,0,0,0,1,84,0,0,387,2,389,
8/13/2010,251,42,0,14,1,0,1,0,0,0,0,0,0,1,85,0,0,394,1,395,
8/20/2010,242,43,0,15,1,0,1,0,0,0,0,0,0,1,76,0,0,378,1,379,
8/27/2010,243,39,0,13,0,0,1,0,0,0,1,0,0,2,87,0,0,385,1,386,
9/3/2010,246,43,0,13,1,0,1,0,0,0,1,0,0,1,82,0,0,387,1,388,
9/10/2010,243,45,0,11,1,0,2,0,0,0,1,0,0,0,80,0,0,381,2,383,
9/17/2010,197,39,0,11,1,1,2,0,0,0,0,0,0,0,82,0,0,331,2,333,
9/24/2010,156,41,0,11,1,1,1,0,0,0,0,0,0,0,71,0,0,281,1,282,
10/1/2010,190,41,0,11,1,1,1,0,0,0,0,0,0,0,68,0,0,312,1,313,
10/8/2010,260,42,0,13,0,1,1,0,0,0,0,0,0,0,86,0,0,402,1,403,
10/15/2010,279,41,0,15,0,1,2,0,0,0,0,0,0,0,85,0,0,421,2,423,
10/22/2010,279,46,0,15,1,1,1,0,0,0,0,0,0,0,76,0,0,418,1,419,
10/29/2010,288,46,0,15,1,1,1,0,0,0,0,0,0,0,81,0,0,432,1,433,
11/5/2010,287,40,0,12,1,1,0,0,0,0,0,0,0,0,76,0,0,417,0,417,
11/12/2010,275,46,0,12,1,1,0,0,0,0,0,0,0,0,94,0,0,429,0,429,
11/19/2010,278,49,0,10,1,1,0,0,0,0,0,0,0,0,79,0,0,418,0,418,
11/24/2010,276,42,0,9,1,1,0,0,0,0,0,0,0,0,86,0,0,415,0,415,
12/3/2010,300,48,0,10,1,1,0,0,0,0,0,0,0,0,89,0,0,449,0,449,
12/10/2010,320,49,0,12,1,0,1,0,0,0,0,0,0,0,99,0,0,481,1,482,
12/17/2010,342,50,0,12,1,0,2,0,0,0,0,0,0,0,93,0,0,498,2,500,
12/22/2010,231,49,0,1,0,0,2,0,0,0,0,0,0,0,28,0,0,309,2,311,
12/30/2010,179,31,0,1,0,0,2,0,0,0,0,0,0,0,33,0,0,244,2,246,
1/7/2011,290,44,0,7,0,0,2,0,0,0,0,0,0,0,79,0,0,420,2,422,
1/14/2011,406,62,0,14,0,0,2,0,0,0,0,0,0,0,93,0,0,575,2,577,
1/21/2011,444,66,0,16,0,1,3,0,0,0,0,0,0,0,91,0,0,618,3,621,
1/28/2011,464,63,0,3,0,1,3,0,0,0,0,0,0,0,103,0,0,634,3,637,
2/4/2011,461,60,0,16,0,1,3,0,0,0,0,0,0,0,85,0,0,623,3,626,
2/11/2011,467,60,0,18,0,1,2,0,0,0,0,0,0,0,82,0,0,628,2,630,
2/18/2011,467,67,0,20,0,1,2,0,0,0,0,0,0,0,79,0,0,634,2,636,
2/25/2011,460,62,0,20,0,1,2,0,0,0,0,0,0,0,78,0,0,621,2,623,
3/4/2011,468,55,0,20,0,1,2,0,0,0,0,0,0,0,79,0,0,623,2,625,
3/11/2011,467,56,0,19,0,1,2,0,0,0,0,0,0,0,83,0,0,626,2,628,
3/18/2011,432,55,0,13,0,1,2,0,0,0,0,0,0,0,83,0,0,584,2,586,
3/25/2011,343,46,0,2,0,1,2,0,0,0,0,0,0,0,35,0,0,427,2,429,
4/1/2011,216,45,0,1,0,1,2,0,0,0,0,0,0,0,20,0,0,283,2,285,
4/8/2011,133,43,0,0,0,1,2,0,0,0,0,0,0,0,14,0,0,191,2,193,
4/15/2011,111,43,0,0,0,0,2,0,0,0,0,0,0,0,11,0,0,165,2,167,
4/21/2011,87,42,0,0,0,0,2,0,0,0,0,0,0,0,12,0,0,141,2,143,
4/29/2011,76,41,0,0,0,0,0,0,0,0,0,0,0,0,16,0,0,133,0,133,
5/6/2011,70,37,0,0,0,0,0,0,0,0,0,0,0,0,16,0,0,123,0,123,
5/13/2011,74,35,0,0,0,0,0,0,0,0,0,0,0,0,18,0,0,127,0,127,
5/20/2011,81,38,0,0,0,0,1,0,0,0,0,0,0,0,23,0,0,142,1,143,
5/27/2011,106,37,0,0,0,0,1,0,0,0,0,0,0,0,35,0,0,178,1,179,
6/3/2011,106,33,0,0,0,0,1,0,0,0,0,0,0,0,44,0,0,183,1,184,
6/10/2011,136,38,0,0,0,0,1,0,0,0,0,0,0,0,57,0,0,231,1,232,
6/17/2011,175,35,0,0,0,0,1,0,0,0,0,0,0,0,66,0,0,276,1,277,
6/24/2011,166,37,0,0,0,1,1,0,0,0,0,0,0,0,46,0,0,250,1,251,
7/1/2011,151,44,0,0,0,0,1,0,0,0,0,0,0,0,44,0,0,239,1,240,
7/8/2011,210,43,0,0,0,0,2,0,0,0,0,0,0,0,76,0,0,329,2,331,
7/15/2011,252,47,0,4,0,0,1,0,0,0,0,0,0,0,90,0,0,393,1,394,
7/22/2011,231,37,0,6,0,0,1,0,0,0,0,0,0,0,101,0,0,375,1,376,
7/29/2011,257,37,0,7,0,0,2,0,0,0,0,0,0,0,92,0,0,393,2,395,
8/5/2011,274,47,0,9,0,0,2,0,0,0,0,0,0,0,102,0,0,432,2,434,
8/12/2011,297,51,0,10,0,0,2,0,0,0,0,0,0,0,104,0,0,462,2,464,
8/19/2011,314,53,0,10,0,0,2,0,0,0,0,0,0,0,107,0,0,484,2,486,
8/26/2011,332,56,0,12,0,0,1,0,0,0,0,0,0,0,107,0,0,507,1,508,
9/2/2011,338,56,0,11,0,0,1,0,0,0,0,0,0,0,111,0,0,516,1,517,
9/9/2011,339,50,0,14,0,0,2,0,0,0,0,0,0,0,110,0,0,513,2,515,
9/16/2011,334,48,0,17,0,0,1,0,0,0,0,0,0,0,102,0,0,501,1,502,
9/23/2011,332,49,0,16,0,0,1,0,0,0,0,0,0,0,107,0,0,504,1,505,
9/30/2011,346,44,0,17,1,0,1,0,0,0,0,0,0,0,101,0,0,509,1,510,
10/7/2011,349,50,0,19,1,0,1,0,0,0,0,0,0,0,102,0,0,521,1,522,
10/14/2011,339,48,0,18,1,0,2,0,0,0,0,0,0,0,104,0,0,510,2,512,
10/21/2011,324,52,0,17,1,0,2,0,0,0,0,0,0,0,101,0,0,495,2,497,
10/28/2011,330,53,0,20,1,0,2,0,0,0,0,0,0,0,93,0,0,497,2,499,
11/4/2011,311,49,0,20,1,0,2,0,0,0,0,0,0,0,93,0,0,474,2,476,
11/11/2011,330,51,0,23,1,0,0,0,0,0,0,0,0,0,95,0,0,500,0,500,
11/18/2011,319,48,0,23,0,0,0,0,0,0,0,0,0,0,97,0,0,487,0,487,
11/25/2011,325,42,0,24,0,0,0,0,0,0,0,0,0,0,93,0,0,484,0,484,
12/2/2011,330,44,0,24,0,0,1,0,0,0,0,0,0,0,85,0,0,483,1,484,
12/9/2011,348,48,0,23,0,0,1,0,0,0,0,0,0,0,84,0,0,503,1,504,
12/16/2011,371,50,0,22,0,0,1,0,0,0,0,0,0,0,87,0,0,530,1,531,
12/22/2011,320,46,0,3,0,0,1,0,0,0,0,0,0,0,36,0,0,405,1,406,
12/29/2011,173,41,0,0,0,0,1,0,0,0,0,0,0,0,6,0,0,220,1,221,
1/6/2012,266,55,0,3,0,0,1,0,0,0,0,0,0,0,36,0,0,360,1,361,
1/13/2012,439,59,0,20,0,0,1,0,0,0,0,0,0,0,92,0,0,610,1,611,
1/20/2012,476,60,0,20,0,0,0,0,0,0,0,0,0,0,98,0,0,654,0,654,
1/27/2012,501,62,0,20,0,1,0,0,0,0,0,0,0,0,98,0,0,682,0,682,
2/3/2012,530,62,0,18,0,1,0,0,0,0,0,0,0,0,99,0,0,710,0,710,
2/10/2012,532,60,0,18,0,1,0,0,0,0,0,0,0,0,98,0,0,709,0,709,
2/17/2012,534,56,0,17,0,1,0,0,0,0,0,0,0,0,97,0,0,705,0,705,
2/24/2012,524,56,0,19,0,1,0,0,0,0,0,0,0,0,101,0,0,701,0,701,
3/2/2012,510,52,0,19,0,1,0,0,1,0,0,0,0,0,98,0,0,681,0,681,
3/9/2012,491,47,0,16,0,1,0,0,1,0,0,0,0,0,99,0,0,655,0,655,
3/16/2012,412,40,0,0,0,1,1,0,0,0,0,0,0,0,63,0,0,516,1,517,
3/23/2012,287,38,0,0,0,1,0,0,0,0,0,0,0,0,26,0,0,352,0,352,
3/30/2012,212,28,0,0,0,1,0,0,0,0,0,0,0,0,15,0,0,256,0,256,
4/5/2012,151,24,0,0,0,1,0,0,0,0,0,0,0,0,11,0,0,187,0,187,
4/13/2012,131,24,0,0,0,1,1,0,0,0,0,0,0,0,7,0,0,163,1,164,
4/20/2012,116,22,0,0,0,1,0,0,0,0,0,0,0,0,7,0,0,146,0,146,
4/27/2012,102,23,0,0,0,1,1,0,0,0,0,0,0,0,7,0,0,133,1,134,
5/4/2012,98,22,0,0,0,1,1,0,0,0,0,0,0,0,9,0,0,130,1,131,
5/11/2012,83,24,0,0,0,1,1,0,0,0,0,0,0,0,11,0,0,119,1,120,
5/18/2012,74,25,0,0,0,1,2,0,0,0,0,0,0,0,21,0,0,121,2,123,
5/25/2012,86,22,0,3,0,1,3,0,0,0,0,0,0,0,43,0,0,155,3,158,
6/1/2012,79,20,0,6,0,1,3,0,0,0,0,0,0,0,47,0,0,153,3,156,
6/8/2012,131,17,0,11,0,1,3,0,0,0,0,0,0,0,67,0,0,227,3,230,
6/15/2012,138,19,0,13,0,1,3,0,0,0,0,0,0,0,74,0,0,245,3,248,
6/22/2012,137,18,0,12,0,1,3,0,0,0,0,0,0,0,67,0,0,235,3,238,
6/29/2012,157,19,0,14,0,1,2,0,0,0,0,0,0,0,68,0,0,259,2,261,
7/6/2012,155,19,0,15,0,1,3,0,0,0,0,0,0,0,71,0,0,261,3,264,
7/13/2012,185,27,0,13,0,1,3,0,0,0,0,0,0,0,67,0,0,293,3,296,
7/20/2012,208,32,0,17,0,1,2,0,0,0,0,0,0,0,68,0,0,326,2,328,
7/27/2012,215,33,0,16,0,1,2,0,0,0,0,0,0,0,71,0,0,336,2,338,
8/3/2012,193,35,0,16,0,0,0,0,0,0,0,0,0,0,59,0,0,303,0,303,
8/10/2012,184,35,0,17,0,0,1,0,0,0,0,0,0,0,62,0,0,298,1,299,
8/17/2012,207,35,0,18,0,0,1,0,0,0,0,0,0,0,65,0,0,325,1,326,
8/24/2012,213,34,0,17,0,0,2,0,0,0,0,0,0,0,68,0,0,332,2,334,
8/31/2012,199,34,0,14,0,0,1,0,0,0,0,0,0,0,68,0,0,315,1,316,
9/7/2012,226,36,0,14,0,0,1,0,0,0,0,0,0,0,68,0,0,344,1,345,
9/14/2012,225,38,0,12,0,0,1,0,0,0,0,0,0,0,78,0,0,353,1,354,
9/21/2012,243,35,0,12,0,0,0,0,0,0,0,0,0,1,72,0,0,363,0,363,
9/28/2012,236,33,0,13,0,0,0,0,0,0,0,0,0,1,76,0,0,359,0,359,
10/5/2012,245,34,0,17,0,0,1,0,0,0,0,0,0,1,74,0,0,371,1,372,
10/12/2012,235,30,0,16,0,0,1,0,0,0,0,0,0,1,78,0,0,360,1,361,
10/19/2012,237,31,0,18,0,0,0,0,0,0,0,0,0,0,69,0,0,355,0,355,
10/26/2012,244,33,0,18,0,0,0,0,0,0,0,0,0,0,75,0,0,370,0,370,
11/2/2012,251,36,0,16,0,0,0,0,0,0,0,0,0,0,80,0,0,383,0,383,
11/9/2012,241,36,0,14,0,1,0,0,0,0,0,0,0,1,77,0,0,370,0,370,
11/16/2012,260,39,0,13,0,1,0,0,0,0,0,0,0,1,70,0,0,384,0,384,
11/21/2012,258,39,0,11,0,1,0,0,0,0,0,0,0,1,77,0,0,387,0,387,
11/30/2012,269,40,0,12,0,1,1,0,0,0,0,0,0,1,75,0,0,398,1,399,
12/7/2012,280,40,0,6,0,1,1,0,0,0,0,0,0,1,77,0,0,405,1,406,
12/14/2012,295,40,0,8,0,1,2,0,0,0,0,0,0,1,71,0,0,416,2,418,
12/21/2012,299,40,0,3,0,0,2,0,0,0,0,0,0,0,40,0,0,382,2,384,
12/28/2012,173,27,0,0,0,0,1,0,0,0,0,0,0,0,3,0,0,203,1,204,
1/4/2013,218,31,0,0,0,0,1,0,0,0,0,0,0,0,8,0,0,257,1,258,
1/11/2013,404,47,0,19,0,0,1,0,0,0,0,0,0,0,60,0,0,530,1,531,
1/18/2013,457,51,0,22,0,0,1,0,0,0,0,0,0,0,70,0,0,600,1,601,
1/25/2013,468,51,0,22,0,0,1,0,0,0,0,0,0,0,79,0,0,620,1,621,
2/1/2013,468,53,0,21,0,0,1,0,0,0,0,0,0,0,82,0,0,624,1,625,
2/8/2013,474,53,0,20,0,0,1,0,0,0,0,0,0,0,83,0,0,630,1,631,
2/15/2013,490,52,0,21,0,0,1,0,0,0,0,0,0,0,87,0,0,650,1,651,
2/22/2013,500,57,0,20,0,0,1,0,0,0,0,0,0,0,84,0,0,661,1,662,
3/1/2013,492,55,0,22,0,0,2,0,0,0,0,0,0,0,84,0,0,653,2,655,
3/8/2013,424,53,0,20,0,0,2,0,0,0,0,0,0,0,81,0,0,578,2,580,
3/15/2013,383,52,0,2,0,0,2,0,0,0,0,0,0,0,64,0,0,501,2,503,
3/22/2013,259,42,0,0,0,0,2,0,0,0,0,0,0,0,34,0,0,335,2,337,
3/28/2013,183,40,0,0,0,0,3,0,0,0,0,0,0,0,20,0,0,243,3,246,
4/5/2013,155,39,0,0,0,0,3,0,0,0,0,0,0,0,9,0,0,203,3,206,
4/12/2013,112,37,0,0,0,0,2,0,0,0,0,0,0,0,5,0,0,154,2,156,
4/19/2013,89,30,0,0,0,0,3,0,0,0,0,0,0,0,4,0,0,123,3,126,
4/26/2013,84,29,0,0,0,0,3,0,0,0,0,0,0,0,6,0,0,119,3,122,
5/3/2013,83,29,0,0,0,0,3,0,0,0,0,0,0,0,6,0,0,118,3,121,
5/10/2013,81,28,0,0,0,0,2,0,0,0,0,0,0,0,7,0,0,116,2,118,
5/17/2013,85,29,0,0,0,0,2,0,0,0,0,0,0,0,7,0,0,121,2,123,
5/24/2013,91,30,0,0,0,0,1,0,0,0,0,0,0,0,9,0,0,130,1,131,
5/31/2013,95,28,0,0,0,0,2,0,0,0,0,0,0,0,20,0,0,143,2,145,
6/7/2013,96,24,0,2,0,0,1,0,0,0,0,0,0,0,29,0,0,151,1,152,
6/14/2013,110,22,0,7,0,0,1,0,0,0,0,0,0,0,36,0,0,175,1,176,
6/21/2013,120,22,0,9,0,0,1,0,0,0,0,0,0,0,45,0,0,196,1,197,
6/28/2013,121,24,0,12,0,1,2,0,0,0,0,0,0,0,46,0,0,204,2,206,
7/3/2013,131,24,0,10,0,1,2,0,0,0,0,0,0,0,46,0,0,212,2,214,
7/12/2013,192,35,0,10,0,1,3,0,0,0,0,0,0,0,53,0,0,291,3,294,
7/19/2013,209,43,0,12,0,0,2,0,0,0,0,0,0,0,58,0,0,322,2,324,
7/26/2013,206,46,0,13,0,0,3,0,0,0,0,0,0,0,61,0,0,326,3,329,
8/2/2013,211,47,0,15,0,0,4,0,0,0,0,0,0,0,64,0,0,337,4,341,
8/9/2013,224,49,0,14,0,0,3,0,0,0,0,0,0,0,68,0,0,355,3,358,
8/16/2013,228,45,0,14,0,0,3,0,0,0,0,0,0,0,68,0,0,355,3,358,
8/23/2013,253,47,0,13,0,0,5,0,0,0,0,0,0,0,65,0,0,378,5,383,
8/30/2013,256,51,0,12,0,0,5,0,0,0,0,0,0,0,75,0,0,394,5,399,
9/6/2013,258,48,0,10,0,0,5,0,0,0,0,0,0,0,68,0,0,384,5,389,
9/13/2013,261,50,0,10,0,0,5,0,0,0,0,0,0,0,54,0,0,375,5,380,
9/20/2013,253,51,0,10,0,0,5,0,0,0,0,0,0,0,69,0,0,383,5,388,
9/27/2013,256,52,0,10,0,0,5,0,0,0,0,0,0,0,67,0,0,385,5,390,
10/4/2013,231,54,0,8,0,0,4,0,0,0,0,0,0,0,64,0,0,357,4,361,
10/11/2013,223,52,0,9,0,0,4,0,0,0,0,0,0,0,69,0,0,353,4,357,
10/18/2013,249,52,0,9,0,0,3,0,0,0,0,0,0,0,75,0,0,385,3,388,
10/25/2013,262,51,0,10,0,0,3,0,0,0,0,0,0,0,78,0,0,401,3,404,
11/1/2013,258,50,0,8,0,0,1,0,0,0,0,0,0,0,77,0,0,393,1,394,
11/8/2013,241,52,0,9,0,0,2,0,0,0,0,0,0,0,74,0,0,376,2,378,
11/15/2013,258,55,0,9,0,0,2,0,0,0,0,0,0,0,77,0,0,399,2,401,
11/22/2013,234,53,0,11,0,0,1,0,0,0,0,0,0,0,69,0,0,367,1,368,
11/27/2013,250,55,0,10,0,0,1,0,0,0,0,0,0,0,69,0,0,384,1,385,
12/6/2013,259,56,0,13,0,0,2,0,0,0,0,0,0,0,72,0,0,400,2,402,
12/13/2013,280,57,0,15,0,0,2,0,0,0,0,0,0,0,72,0,0,424,2,426,
12/20/2013,282,58,0,8,0,0,2,0,0,0,0,0,0,0,48,0,0,396,2,398,
12/27/2013,200,44,0,0,0,0,1,0,0,0,0,0,0,0,18,0,0,262,1,263,
1/3/2014,210,45,0,1,0,0,1,0,0,0,0,0,0,0,25,0,0,281,1,282,
1/10/2014,346,54,0,13,0,0,1,0,0,0,0,0,0,0,63,0,0,476,1,477,
1/17/2014,416,57,0,12,0,0,1,0,0,0,0,0,0,0,79,0,0,564,1,565,
1/24/2014,434,59,0,13,0,0,0,0,0,0,0,0,0,0,84,0,0,590,0,590,
1/31/2014,448,63,0,12,0,0,2,0,0,0,0,0,0,0,83,0,0,606,2,608,
2/7/2014,456,63,0,13,0,0,2,0,0,0,0,0,0,0,87,0,0,619,2,621,
2/14/2014,460,63,0,14,0,0,1,0,0,0,0,0,0,0,86,0,0,623,1,624,
2/21/2014,466,62,0,14,0,0,0,0,0,0,0,0,0,0,90,0,0,632,0,632,
2/28/2014,455,66,0,13,0,0,0,0,0,0,0,0,0,0,92,0,0,626,0,626,
3/7/2014,418,68,0,12,0,0,0,0,0,0,0,0,0,0,89,0,0,587,0,587,
3/14/2014,365,68,0,9,0,0,0,0,0,0,0,0,0,0,80,0,0,522,0,522,
3/21/2014,295,66,0,0,0,0,0,0,0,0,0,0,0,0,28,0,0,389,0,389,
3/28/2014,222,59,0,0,0,0,2,0,0,0,0,0,0,0,15,0,0,296,2,298,
4/4/2014,171,55,0,0,0,0,2,0,0,0,0,0,0,0,7,0,0,233,2,235,
4/11/2014,156,50,0,0,0,0,2,0,0,0,0,0,0,0,4,0,0,210,2,212,
4/17/2014,150,42,0,0,0,0,3,0,0,0,0,0,0,0,4,0,0,196,3,199,
4/25/2014,126,35,0,0,0,0,3,0,0,0,0,0,0,0,4,0,0,165,3,168,
5/2/2014,122,37,0,0,0,0,1,0,0,0,0,0,0,0,3,0,0,162,1,163,
5/9/2014,106,34,0,0,0,0,3,0,0,0,0,0,0,0,2,0,0,142,3,145,
5/16/2014,110,35,0,0,0,0,3,0,0,0,0,0,0,0,5,0,0,150,3,153,
5/23/2014,111,31,0,0,0,0,2,0,0,0,0,0,0,0,10,0,0,152,2,154,
5/30/2014,125,30,0,0,0,0,2,0,0,0,0,0,0,0,41,0,0,196,2,198,
6/6/2014,130,29,0,0,0,0,2,0,0,0,0,0,0,0,53,0,0,212,2,214,
6/13/2014,147,26,0,2,0,0,2,0,0,0,0,0,0,0,67,0,0,242,2,244,
6/20/2014,168,27,0,4,0,0,2,0,0,0,0,0,0,0,64,0,0,263,2,265,
6/27/2014,156,25,0,4,0,0,2,0,0,0,0,0,0,0,49,0,0,234,2,236,
7/3/2014,202,32,0,6,0,0,2,0,0,0,0,0,0,0,67,0,0,307,2,309,
7/11/2014,206,43,0,0,0,0,2,0,0,0,0,0,0,0,64,0,0,313,2,315,
7/18/2014,248,41,0,3,0,0,2,0,0,0,0,0,0,0,87,0,0,379,2,381,
7/25/2014,253,44,0,7,0,0,3,0,0,0,0,0,0,0,88,0,0,392,3,395,
8/1/2014,259,45,0,10,0,0,3,0,0,0,0,0,0,0,75,0,0,389,3,392,
8/8/2014,262,45,0,15,0,0,4,0,0,0,0,0,0,0,61,0,0,383,4,387,
8/15/2014,261,52,0,17,0,0,4,0,0,0,0,0,0,0,67,0,0,397,4,401,
8/22/2014,257,48,0,19,0,0,4,0,0,0,0,0,0,0,77,0,0,401,4,405,
8/29/2014,262,51,0,18,0,0,4,0,0,0,0,0,0,0,74,0,0,405,4,409,
9/5/2014,265,54,0,17,0,0,2,0,0,0,0,0,0,0,76,0,0,412,2,414,
9/12/2014,265,49,0,13,0,0,2,0,0,0,0,0,0,0,76,0,0,403,2,405,
9/19/2014,236,50,0,13,0,0,2,0,0,0,0,0,0,0,76,0,0,375,2,377,
9/26/2014,275,50,0,14,0,0,1,0,0,0,0,0,0,0,89,0,0,428,1,429,
10/3/2014,288,42,0,15,0,0,0,0,0,0,0,0,0,0,85,0,0,430,0,430,
10/10/2014,273,46,0,14,0,0,0,0,0,0,0,0,0,0,87,0,0,420,0,420,
10/17/2014,280,43,0,14,0,0,0,0,0,0,0,0,0,0,80,0,0,417,0,417,
10/24/2014,282,48,0,15,0,0,0,0,0,0,0,0,0,0,81,0,0,426,0,426,
10/31/2014,280,50,0,14,0,0,0,0,0,0,0,0,0,0,85,0,0,429,0,429,
11/7/2014,273,52,0,15,0,0,0,0,0,0,0,0,0,0,70,0,0,410,0,410,
11/14/2014,264,53,0,15,0,0,1,0,0,0,0,0,0,0,69,0,0,401,1,402,
11/21/2014,289,53,0,17,0,0,1,0,0,0,0,0,0,0,74,0,0,433,1,434,
11/26/2014,299,50,0,15,0,0,2,0,0,0,0,0,0,0,72,0,0,436,2,438,
12/5/2014,285,55,0,15,0,0,2,0,0,0,0,0,0,0,65,0,0,420,2,422,
12/12/2014,309,57,0,14,0,0,2,0,0,0,0,0,0,0,49,0,0,429,2,431,
12/19/2014,290,49,0,14,0,0,2,0,0,0,0,0,0,0,36,0,0,389,2,391,
12/26/2014,197,38,0,1,0,0,3,0,0,0,0,0,0,0,17,0,0,253,3,256,
1/2/2015,163,41,0,0,0,0,3,0,0,0,0,0,0,0,1,0,0,205,3,208,
1/9/2015,246,53,0,11,0,0,3,0,0,0,0,0,0,0,53,0,0,363,3,366,
1/16/2015,302,60,0,12,0,0,3,0,0,0,0,0,0,0,63,0,0,437,3,440,
1/23/2015,300,59,0,11,0,0,3,0,0,0,0,0,0,0,59,0,0,429,3,432,
1/30/2015,269,58,0,10,0,0,3,0,0,0,0,0,0,0,54,0,0,391,3,394,
2/6/2015,254,61,0,8,0,0,4,0,0,0,0,0,0,0,54,0,0,377,4,381,
2/13/2015,261,59,0,9,0,0,3,0,0,0,0,0,0,0,50,0,0,379,3,382,
2/20/2015,251,54,0,8,0,0,3,0,0,0,0,0,0,0,44,0,0,357,3,360,
2/27/2015,227,52,0,9,0,0,3,0,0,0,0,0,0,0,39,0,0,327,3,330,
3/6/2015,199,52,0,8,0,0,4,0,0,0,0,0,0,0,37,0,0,296,4,300,
3/13/2015,128,50,0,7,0,0,4,0,0,0,0,0,0,0,31,0,0,216,4,220,
3/20/2015,84,45,0,0,0,0,0,0,0,0,0,0,0,0,11,0,0,140,0,140,
3/27/2015,73,41,0,0,0,0,2,0,0,0,0,0,0,0,4,0,0,118,2,120,
4/2/2015,60,34,0,0,0,0,2,0,0,0,0,0,0,0,4,0,0,98,2,100,
4/10/2015,60,34,0,0,0,0,2,0,0,0,0,0,0,0,3,0,0,97,2,99,
4/17/2015,52,22,0,0,0,0,3,0,0,0,0,0,0,0,3,0,0,77,3,80,
4/24/2015,51,24,0,0,0,0,1,0,0,0,0,0,0,0,3,0,0,78,1,79,
5/1/2015,52,22,0,0,0,0,1,0,0,0,0,0,0,0,4,0,0,78,1,79,
5/8/2015,53,18,0,0,0,0,2,0,0,0,0,0,0,0,2,0,0,73,2,75,
5/15/2015,54,15,0,0,0,0,3,0,0,0,0,0,0,0,5,0,0,74,3,77,
5/22/2015,48,14,0,0,0,0,3,0,0,0,0,0,0,0,7,0,0,69,3,72,
5/29/2015,54,14,0,0,0,0,3,0,0,0,0,0,0,0,27,0,0,95,3,98,
6/5/2015,66,16,0,0,0,0,4,0,0,0,0,0,0,0,30,0,0,112,4,116,
6/12/2015,74,16,0,1,0,0,4,0,0,0,0,0,0,0,32,0,0,123,4,127,
6/19/2015,76,16,0,1,0,0,4,0,0,0,0,0,0,0,39,0,0,132,4,136,
6/26/2015,78,14,0,0,0,0,4,0,0,0,0,0,0,0,39,0,0,131,4,135,
7/2/2015,85,15,0,1,0,0,4,0,0,0,0,0,0,0,34,0,0,135,4,139,
7/10/2015,109,16,0,4,0,0,4,0,0,0,0,0,0,0,36,0,0,165,4,169,
7/17/2015,120,26,0,3,0,0,4,0,0,0,0,0,0,0,39,0,0,188,4,192,
7/24/2015,123,30,0,4,0,0,4,0,0,0,0,0,0,0,39,0,0,196,4,200,
7/31/2015,128,34,0,5,0,0,4,0,0,0,0,0,0,0,44,0,0,211,4,215,
8/7/2015,131,34,0,6,0,0,4,0,0,0,0,0,0,0,33,0,0,204,4,208,
8/14/2015,129,35,0,5,0,0,4,0,0,0,0,0,0,0,38,0,0,207,4,211,
8/21/2015,131,36,0,6,0,0,4,0,0,0,0,0,0,0,31,0,0,204,4,208,
8/28/2015,126,32,0,5,0,0,4,0,0,0,0,0,0,0,29,0,0,192,4,196,
9/4/2015,124,32,0,5,0,0,4,0,0,0,0,0,0,0,22,0,0,183,4,187,
9/11/2015,126,32,0,6,0,0,1,0,0,0,0,0,0,0,20,0,0,184,1,185,
9/18/2015,125,30,0,6,0,0,2,0,0,0,0,0,0,0,19,0,0,180,2,182,
9/25/2015,113,35,0,3,0,0,1,0,0,0,0,0,0,0,24,0,0,175,1,176,
10/2/2015,113,34,0,2,0,0,1,0,0,0,0,0,0,0,29,0,0,178,1,179,
10/9/2015,114,32,0,2,0,0,1,0,0,0,0,0,0,0,31,0,0,179,1,180,
10/16/2015,114,30,0,2,0,0,1,0,0,0,0,0,0,0,34,0,0,180,1,181,
10/23/2015,118,28,0,2,0,0,1,0,0,0,0,0,0,0,41,0,0,189,1,190,
10/30/2015,124,29,0,2,0,0,1,0,0,0,0,0,0,0,35,0,0,190,1,191,
11/6/2015,119,30,0,1,0,0,1,0,0,0,0,0,0,0,34,0,0,184,1,185,
11/13/2015,112,33,0,2,0,0,0,0,0,0,0,0,0,0,29,0,0,176,0,176,
11/20/2015,108,29,0,2,0,0,0,0,0,0,0,0,0,0,27,0,0,166,0,166,
11/25/2015,119,29,0,3,0,0,0,0,0,0,0,0,0,0,33,0,0,184,0,184,
12/4/2015,115,31,0,2,0,0,0,0,0,0,0,0,0,0,29,0,0,177,0,177,
12/11/2015,115,28,0,2,0,0,0,0,0,0,0,0,0,0,29,0,0,174,0,174,
12/18/2015,104,28,0,2,0,0,1,0,0,0,0,0,0,0,27,0,0,161,1,162,
12/23/2015,94,24,0,0,0,0,0,0,0,0,0,0,0,0,8,0,0,126,0,126,
12/31/2015,56,25,0,0,0,0,0,0,0,0,0,0,0,0,2,0,0,83,0,83,
1/8/2016,97,30,0,4,0,0,1,0,0,0,0,0,0,0,34,0,0,165,1,166,
1/15/2016,147,36,0,5,0,0,1,0,0,0,0,0,0,0,38,0,0,226,1,227,
1/22/2016,165,33,0,6,0,0,3,0,0,0,0,0,0,0,43,0,0,247,3,250,
1/29/2016,152,29,0,6,0,0,3,0,0,0,0,0,0,0,41,0,0,228,3,231,
2/5/2016,154,35,0,6,0,0,3,0,0,0,0,0,0,0,44,0,0,239,3,242,
2/12/2016,140,34,0,5,0,0,3,0,0,0,0,0,0,0,40,0,0,219,3,222,
2/19/2016,132,35,0,3,0,0,3,0,0,0,0,0,0,0,33,0,0,203,3,206,
2/26/2016,112,31,0,2,0,0,3,0,0,0,0,0,0,0,27,0,0,172,3,175,
3/4/2016,79,27,0,1,0,0,3,0,0,0,0,0,0,0,19,0,0,126,3,129,
3/11/2016,61,25,0,1,0,0,3,0,0,0,0,0,0,0,8,0,0,95,3,98,
3/18/2016,47,19,0,0,0,0,3,0,0,0,0,0,0,0,0,0,0,66,3,69,
3/24/2016,39,13,0,0,0,0,3,0,0,0,0,0,0,0,0,0,0,52,3,55,
4/1/2016,34,11,0,0,0,0,3,0,0,0,0,0,0,0,1,0,0,46,3,49,
4/8/2016,30,8,0,0,0,0,1,0,0,0,0,0,0,0,2,0,0,40,1,41,
4/15/2016,30,7,0,0,0,0,1,0,0,0,0,0,0,0,2,0,0,39,1,40,
4/22/2016,30,6,0,0,0,1,0,0,0,0,0,0,0,0,3,0,0,40,0,40,
4/29/2016,26,6,0,0,0,1,1,0,0,0,0,0,0,0,3,0,0,36,1,37,
5/6/2016,26,4,0,0,0,1,2,0,0,0,0,0,0,0,3,0,0,34,2,36,
5/13/2016,28,6,0,0,0,1,2,0,0,0,0,0,0,0,6,0,0,41,2,43,
5/20/2016,29,5,0,0,0,1,2,0,0,0,0,0,0,0,7,0,0,42,2,44,
5/27/2016,28,5,0,0,0,1,1,0,0,0,0,0,0,0,8,0,0,42,1,43,
6/3/2016,32,3,0,0,0,0,0,0,0,0,0,0,0,0,6,0,0,41,0,41,
6/10/2016,41,6,0,0,0,0,0,0,0,0,0,0,0,0,18,0,0,65,0,65,
6/17/2016,46,5,0,0,0,0,0,0,0,0,0,0,0,0,18,0,0,69,0,69,
6/24/2016,46,5,0,1,0,1,1,0,0,0,0,0,0,0,22,0,0,75,1,76,
7/1/2016,46,5,0,0,0,1,2,0,0,0,0,0,0,0,22,0,0,74,2,76,
7/8/2016,53,8,0,0,0,1,2,0,0,1,0,0,0,0,16,0,0,78,3,81,
7/15/2016,60,10,0,0,0,1,2,0,0,1,0,0,0,0,21,0,0,92,3,95,
7/22/2016,67,10,0,0,0,1,1,0,0,1,0,0,0,0,22,0,0,100,2,102,
7/29/2016,79,13,0,3,0,1,1,0,0,1,0,0,0,0,21,0,0,117,2,119,
8/5/2016,81,14,0,3,0,1,0,0,0,1,0,0,0,0,22,0,0,121,1,122,
8/12/2016,85,12,0,5,0,1,0,0,0,1,0,0,0,0,22,0,0,125,1,126,
8/19/2016,79,11,0,5,0,0,0,0,0,1,0,0,0,0,25,0,0,120,1,121,
8/26/2016,88,15,0,4,0,0,1,0,0,1,0,0,0,0,37,0,0,144,2,146,
9/2/2016,84,14,0,3,0,0,1,0,0,0,0,0,0,0,35,0,0,136,1,137,
9/9/2016,84,13,0,3,0,0,0,0,0,0,0,0,0,0,34,0,0,134,0,134,
9/16/2016,84,12,0,4,0,0,1,0,0,0,0,0,0,0,31,0,0,131,1,132,
9/23/2016,93,10,0,5,0,0,1,0,0,0,0,0,0,0,29,0,0,137,1,138,
9/30/2016,113,14,0,5,0,0,1,0,0,0,0,0,0,0,29,0,0,161,1,162,
10/7/2016,112,14,0,4,0,0,2,0,0,1,0,0,0,0,32,0,0,162,3,165,
10/14/2016,113,13,0,4,0,0,2,0,0,0,0,0,0,0,33,0,0,163,2,165,
10/21/2016,107,13,0,4,0,0,2,0,0,0,0,0,0,0,17,0,0,141,2,143,
10/28/2016,109,16,0,4,0,0,1,0,0,1,0,0,0,0,22,0,0,151,2,153,
11/4/2016,105,16,0,4,0,0,1,0,0,1,0,0,0,0,27,0,0,152,2,154,
11/11/2016,114,19,0,6,0,0,1,0,0,1,0,0,0,0,35,0,0,174,2,176,
11/18/2016,114,18,0,6,0,0,0,0,0,1,0,0,0,0,45,0,0,183,1,184,
11/23/2016,108,16,0,5,0,0,0,0,0,1,0,0,0,0,44,0,0,173,1,174,
12/2/2016,128,23,0,3,0,0,1,0,0,1,0,0,0,0,44,0,0,198,2,200,
12/9/2016,155,24,0,3,0,0,2,0,0,1,0,0,0,0,45,0,0,227,3,230,
12/16/2016,157,22,0,5,0,0,2,0,0,1,0,0,0,0,47,0,0,231,3,234,
12/23/2016,164,23,0,2,0,0,1,0,0,0,0,0,0,0,34,0,0,223,1,224,
12/30/2016,122,21,0,0,0,0,1,0,0,0,0,0,0,0,13,0,0,156,1,157,
1/6/2017,150,24,0,3,0,0,1,0,0,0,0,0,0,0,27,0,0,204,1,205,
1/13/2017,220,29,0,11,0,0,1,0,0,1,0,0,0,0,53,0,0,313,2,315,
1/20/2017,247,30,0,11,0,0,1,0,0,0,0,0,0,0,53,0,0,341,1,342,
1/27/2017,249,31,0,11,0,0,0,0,0,0,0,0,0,0,54,0,0,345,0,345,
2/3/2017,247,30,0,11,0,0,1,0,0,0,0,0,0,0,54,0,0,342,1,343,
2/10/2017,246,32,0,10,0,0,2,0,0,0,0,0,0,0,62,0,0,350,2,352,
2/17/2017,232,29,0,12,0,0,1,0,0,0,0,0,0,0,57,0,0,330,1,331,
2/24/2017,234,32,0,12,0,0,2,0,0,0,0,0,0,0,61,0,0,339,2,341,
3/3/2017,227,32,0,10,0,0,1,0,0,0,0,0,0,0,65,0,0,334,1,335,
3/10/2017,218,32,0,5,0,0,1,0,0,0,0,0,0,0,59,0,0,314,1,315,
3/17/2017,190,31,0,5,0,0,1,0,0,0,0,0,0,0,49,0,0,275,1,276,
3/24/2017,145,29,0,1,0,0,1,0,0,0,0,0,0,0,9,0,0,184,1,185,
3/31/2017,123,28,0,0,0,0,1,0,0,0,0,0,0,0,3,0,0,154,1,155,
4/7/2017,107,23,0,0,0,0,1,0,0,0,0,0,0,0,1,0,0,131,1,132,
4/13/2017,100,18,0,0,0,0,0,0,0,0,0,0,0,0,0,0,0,118,0,118,
4/21/2017,82,15,0,0,0,0,0,0,0,0,0,0,0,0,2,0,0,99,0,99,
4/28/2017,68,15,0,0,0,0,0,0,0,0,0,0,0,0,2,0,0,85,0,85,
5/5/2017,65,14,0,0,0,0,1,0,0,0,0,0,0,0,2,0,0,81,1,82,
5/12/2017,69,8,0,0,0,0,1,0,0,0,0,0,0,0,2,0,0,79,1,80,
5/19/2017,66,9,0,0,0,0,2,0,0,0,0,0,0,0,8,0,0,83,2,85,
5/26/2017,66,12,0,0,0,0,3,0,0,0,0,0,0,0,12,0,0,90,3,93,
6/2/2017,57,15,0,2,0,0,3,0,0,0,0,0,0,0,22,0,0,96,3,99,
6/9/2017,78,18,0,3,0,0,3,0,0,0,0,0,0,0,30,0,0,129,3,132,
6/16/2017,88,20,0,5,0,0,3,0,0,0,0,0,0,0,43,0,0,156,3,159,
6/23/2017,94,22,0,5,0,0,1,0,0,0,0,0,0,0,48,0,0,169,1,170,
6/30/2017,115,22,0,5,0,0,1,0,0,0,0,0,0,0,46,0,0,188,1,189,
7/7/2017,105,22,0,4,0,0,1,0,0,0,0,0,0,0,43,0,0,174,1,175,
7/14/2017,121,25,0,6,0,0,0,0,0,0,0,0,0,0,39,0,0,191,0,191,
7/21/2017,132,24,0,8,0,0,0,0,0,0,0,0,0,0,42,0,0,206,0,206,
7/28/2017,146,23,0,7,0,0,2,0,0,0,0,0,0,0,42,0,0,218,2,220,
8/4/2017,145,22,0,7,0,0,1,0,0,0,0,0,0,0,42,0,0,216,1,217,
8/11/2017,148,20,0,4,0,0,3,0,0,0,0,0,0,0,45,0,0,217,3,220,
8/18/2017,138,26,0,5,0,0,2,0,0,0,0,0,0,0,43,0,0,212,2,214,
8/25/2017,144,29,0,5,0,0,1,0,0,0,0,0,0,0,38,0,0,216,1,217,
9/1/2017,130,26,0,5,0,0,1,0,0,0,0,0,0,0,39,0,0,200,1,201,
9/8/2017,134,27,0,5,0,0,0,0,0,0,0,0,0,0,36,0,0,202,0,202,
9/15/2017,141,24,0,4,0,0,0,0,0,0,0,0,0,0,43,0,0,212,0,212,
9/22/2017,144,26,0,4,0,0,2,0,0,0,0,0,0,0,44,0,0,218,2,220,
9/29/2017,144,24,0,4,0,0,2,0,0,0,0,0,0,0,39,0,0,211,2,213,
10/6/2017,139,24,0,4,0,0,2,0,0,0,0,0,0,0,40,0,0,207,2,209,
10/13/2017,144,23,0,3,0,0,2,0,0,0,0,0,0,0,40,0,0,210,2,212,
10/20/2017,141,25,0,4,0,0,2,0,0,0,0,0,0,0,30,0,0,200,2,202,
10/27/2017,136,23,0,5,0,0,2,0,0,0,0,0,0,0,25,0,0,189,2,191,
11/3/2017,139,23,0,6,0,0,1,0,0,0,0,0,0,0,23,0,0,191,1,192,
11/10/2017,148,22,0,5,0,0,2,0,0,0,0,0,0,0,26,0,0,201,2,203,
11/17/2017,155,23,0,4,0,0,1,0,0,0,0,0,0,0,25,0,0,207,1,208,
11/22/2017,153,25,0,4,0,0,1,0,0,0,0,0,0,0,32,0,0,214,1,215,
12/1/2017,162,23,0,4,0,0,1,0,0,0,0,0,0,0,32,0,0,221,1,222,
12/8/2017,160,25,0,5,0,0,1,0,0,0,0,0,0,0,28,0,0,218,1,219,
12/15/2017,167,22,0,5,0,0,1,0,0,0,0,0,0,0,43,0,0,237,1,238,
12/22/2017,162,15,0,2,0,0,2,0,0,0,0,0,0,0,29,0,0,208,2,210,
12/29/2017,118,13,0,0,0,0,2,0,0,0,0,0,0,0,3,0,0,134,2,136,
1/5/2018,129,16,0,3,0,0,2,0,0,0,0,0,0,0,24,0,0,172,2,174,
1/12/2018,190,21,0,7,0,0,1,0,0,0,0,0,0,0,57,0,0,275,1,276,
1/19/2018,223,31,0,6,0,0,1,0,0,0,0,0,0,0,64,0,0,324,1,325,
1/26/2018,232,29,0,7,0,0,1,0,0,0,0,0,0,0,69,0,0,337,1,338,
2/2/2018,229,29,0,7,0,0,2,0,0,0,0,0,0,0,75,0,0,340,2,342,
2/9/2018,228,23,0,7,0,0,1,0,0,0,0,0,0,0,66,0,0,324,1,325,
2/16/2018,222,23,0,5,0,0,1,0,0,0,0,0,0,0,67,0,0,317,1,318,
2/23/2018,209,23,0,5,0,0,3,0,0,0,0,0,0,0,66,0,0,303,3,306,
3/2/2018,208,23,0,6,0,0,3,0,0,0,0,0,0,0,62,0,0,299,3,302,
3/9/2018,187,18,0,8,0,0,3,0,0,0,0,0,0,0,57,0,0,270,3,273,
3/16/2018,157,16,0,7,0,0,4,0,0,0,0,0,0,0,35,0,0,215,4,219,
3/23/2018,128,15,0,0,0,0,4,0,0,0,0,0,0,0,14,0,0,157,4,161,
3/29/2018,114,14,0,0,0,0,0,0,0,0,0,0,0,0,6,0,0,134,0,134,
4/6/2018,92,14,0,0,0,0,2,0,0,0,0,0,0,0,3,0,0,109,2,111,
4/13/2018,85,12,0,0,0,0,2,0,0,0,0,0,0,0,3,0,0,100,2,102,
4/20/2018,76,11,0,0,0,0,3,0,0,0,0,0,0,0,3,0,0,90,3,93,
4/27/2018,67,11,0,0,0,0,4,0,0,0,0,0,0,0,3,0,0,81,4,85,
5/4/2018,68,11,0,0,0,0,4,0,0,0,0,0,0,0,3,0,0,82,4,86,
5/11/2018,62,11,0,0,0,0,2,0,0,0,0,0,0,0,4,0,0,77,2,79,
5/18/2018,62,11,0,0,0,0,4,0,0,0,0,0,0,0,6,0,0,79,4,83,
5/25/2018,58,13,0,0,0,0,1,0,0,0,0,0,0,0,9,0,0,80,1,81,
6/1/2018,57,15,0,1,0,0,2,0,0,0,0,0,0,0,24,0,0,97,2,99,
6/8/2018,68,14,0,1,0,0,2,0,0,0,0,0,0,0,27,0,0,110,2,112,
6/15/2018,91,14,0,1,0,0,3,0,0,0,0,0,0,0,30,0,0,136,3,139,
6/22/2018,103,15,0,1,0,0,2,0,0,0,0,0,0,0,39,0,0,158,2,160,
6/29/2018,112,14,0,1,0,0,4,0,0,0,0,0,0,0,41,0,0,168,4,172,
7/6/2018,120,13,0,4,0,0,3,0,0,0,0,0,0,0,42,0,0,179,3,182,
7/13/2018,130,13,0,4,0,0,3,0,0,0,0,0,0,0,47,0,0,194,3,197,
7/20/2018,144,14,0,4,0,0,3,0,0,0,0,0,0,0,46,0,0,208,3,211,
7/27/2018,150,14,0,5,0,0,2,0,0,0,0,0,0,0,52,0,0,221,2,223,
8/3/2018,156,14,0,5,0,0,2,0,0,0,0,0,0,0,46,0,0,221,2,223,
8/10/2018,140,16,0,5,0,0,2,0,0,0,0,0,0,0,46,0,0,207,2,209,
8/17/2018,145,16,0,4,0,0,1,0,0,0,0,0,0,0,46,0,0,211,1,212,
8/24/2018,159,16,0,4,0,0,1,0,0,0,0,0,0,0,49,0,0,228,1,229,
8/31/2018,160,15,0,4,0,0,1,0,0,0,0,0,0,0,48,0,0,227,1,228,
9/7/2018,144,13,0,4,0,0,2,0,0,0,0,0,0,0,41,0,0,202,2,204,
9/14/2018,156,15,0,5,0,0,2,0,0,0,0,0,0,0,48,0,0,224,2,226,
9/21/2018,126,15,0,4,0,0,2,0,0,0,0,0,0,0,50,0,0,195,2,197,
9/28/2018,110,13,0,5,0,0,2,0,0,0,0,0,0,0,48,0,0,176,2,178,
10/5/2018,126,15,0,5,0,0,3,0,0,0,0,0,0,0,33,0,0,179,3,182,
10/12/2018,130,16,0,5,0,0,3,0,0,0,0,0,0,0,41,0,0,192,3,195,
10/19/2018,132,13,0,5,0,0,1,0,0,0,0,0,0,0,40,0,0,190,1,191,
10/26/2018,141,14,0,5,0,0,2,0,0,0,0,0,0,0,38,0,0,198,2,200,
11/2/2018,139,14,0,5,0,0,3,0,0,0,0,0,0,0,37,0,0,195,3,198,
11/9/2018,136,15,0,5,0,0,3,0,0,0,0,0,0,0,37,0,0,193,3,196,
11/16/2018,137,15,0,4,0,0,2,0,0,0,0,0,0,0,39,0,0,195,2,197,
11/21/2018,138,17,0,4,0,0,2,0,0,0,0,0,0,0,43,0,0,202,2,204,
11/30/2018,136,20,0,4,0,0,2,0,0,0,0,0,0,0,37,0,0,197,2,199,
12/7/2018,128,20,0,4,0,0,2,0,0,0,0,0,0,0,32,0,0,184,2,186,
12/14/2018,124,17,0,2,0,0,2,0,0,0,0,0,0,0,29,0,0,172,2,174,
12/21/2018,104,15,0,0,0,0,1,0,0,0,0,0,0,0,11,0,0,130,1,131,
12/28/2018,57,11,0,0,0,0,2,0,0,0,0,0,0,0,0,0,0,68,2,70,
1/4/2019,61,11,0,0,0,0,2,0,0,0,0,0,0,0,2,0,0,74,2,76,
1/11/2019,122,17,0,2,0,0,3,0,0,0,0,0,0,0,40,0,0,181,3,184,
1/18/2019,138,15,0,3,0,0,3,0,0,0,0,0,0,0,50,0,0,206,3,209,
1/25/2019,161,16,0,4,0,0,2,0,0,0,0,0,0,0,49,0,0,230,2,232,
2/1/2019,164,19,0,4,0,0,2,0,0,0,0,0,0,0,54,0,0,241,2,243,
2/8/2019,159,18,0,4,0,0,2,0,0,0,0,0,0,0,57,0,0,238,2,240,
2/15/2019,153,13,0,3,0,0,2,0,0,0,0,0,0,0,53,0,0,222,2,224,
2/22/2019,144,12,0,2,0,0,1,0,0,0,0,0,0,0,53,0,0,211,1,212,
3/1/2019,145,16,0,2,0,0,0,0,0,0,0,0,0,0,48,0,0,211,0,211,
3/8/2019,137,17,0,2,0,0,0,0,0,0,0,0,0,0,33,0,0,189,0,189,
3/15/2019,116,15,0,2,0,0,1,0,0,0,0,0,0,0,27,0,0,160,1,161,
3/22/2019,85,15,0,1,0,0,1,0,0,0,0,0,0,0,3,0,0,104,1,105,
3/29/2019,68,17,0,0,0,0,1,0,0,0,0,0,0,0,2,0,0,87,1,88,
4/5/2019,52,14,0,0,0,0,1,0,0,0,0,0,0,0,1,0,0,67,1,68,
4/12/2019,48,15,0,0,0,0,2,0,0,0,0,0,0,0,1,0,0,64,2,66,
4/18/2019,48,15,0,0,0,0,2,0,0,0,0,0,0,0,1,0,0,64,2,66,
4/26/2019,46,14,0,0,0,0,2,0,0,0,0,0,0,0,1,0,0,61,2,63,
5/3/2019,42,15,0,0,0,0,3,0,0,0,0,0,0,0,1,0,0,58,3,61,
5/10/2019,42,15,0,0,0,0,4,0,0,0,0,0,0,0,2,0,0,59,4,63,
5/17/2019,43,15,0,0,0,0,4,0,0,0,0,0,0,0,1,0,0,59,4,63,
5/24/2019,53,11,0,0,0,0,3,0,0,0,0,0,0,0,11,0,0,75,3,78,
5/31/2019,56,10,0,0,0,0,2,0,0,0,0,0,0,0,17,0,0,83,2,85,
6/7/2019,63,11,0,2,0,0,2,0,0,0,0,0,0,0,25,0,0,101,2,103,
6/14/2019,56,9,0,2,0,0,3,0,0,0,0,0,0,0,37,0,0,104,3,107,
6/21/2019,63,10,0,3,0,0,3,0,0,0,0,0,0,0,40,0,0,116,3,119,
6/28/2019,69,13,0,3,0,0,2,0,0,0,0,0,0,0,37,0,0,122,2,124,
7/3/2019,65,12,0,3,0,0,4,0,0,0,0,0,0,0,36,0,0,116,4,120,
7/12/2019,62,10,0,3,0,0,3,0,0,0,0,0,0,0,39,0,0,114,3,117,
7/19/2019,63,11,0,3,0,0,2,0,0,0,0,0,0,0,39,0,0,116,2,118,
7/26/2019,73,11,0,3,0,0,2,0,0,0,0,0,0,0,38,0,0,125,2,127,
8/2/2019,86,9,0,3,0,0,3,0,0,0,0,0,0,0,36,0,0,134,3,137,
8/9/2019,94,7,0,3,0,0,3,0,0,0,0,0,0,0,33,0,0,137,3,140,
8/16/2019,95,7,0,2,0,0,3,0,0,0,0,0,0,0,35,0,0,139,3,142,
8/23/2019,94,7,0,3,0,0,3,0,0,0,0,0,0,0,32,0,0,136,3,139,
8/30/2019,96,9,0,3,0,0,2,0,0,0,0,0,0,0,40,0,0,148,2,150,
9/6/2019,97,9,0,3,0,0,1,0,0,0,0,0,0,0,37,0,0,146,1,147,
9/13/2019,86,10,0,3,0,0,0,0,0,0,0,0,0,0,35,0,0,134,0,134,
9/20/2019,77,9,0,3,0,0,0,0,0,0,0,0,0,0,30,0,0,119,0,119,
9/27/2019,83,10,0,3,0,0,1,0,0,0,0,0,0,0,30,0,0,126,1,127,
10/4/2019,94,10,0,3,0,0,1,0,0,0,0,0,0,0,36,0,0,143,1,144,
10/11/2019,97,10,0,3,0,0,2,0,0,0,0,0,0,0,34,0,0,144,2,146,
10/18/2019,95,10,0,3,0,0,3,0,0,0,0,0,0,0,32,0,0,140,3,143,
10/25/2019,97,9,0,3,0,0,3,0,0,0,0,0,0,0,35,0,0,144,3,147,
11/1/2019,99,10,0,3,0,0,2,0,0,0,0,0,0,0,28,0,0,140,2,142,
11/8/2019,96,8,0,3,0,0,2,0,0,0,0,0,0,0,31,0,0,138,2,140,
11/15/2019,90,8,0,3,0,0,2,0,0,0,0,0,0,0,31,0,0,132,2,134,
11/22/2019,91,10,0,3,0,0,2,0,0,0,0,0,0,0,31,0,0,135,2,137,
11/27/2019,86,10,0,3,0,0,2,0,0,0,0,0,0,0,25,0,0,124,2,126,
12/6/2019,91,9,0,3,0,0,2,0,0,0,0,0,0,0,33,0,0,136,2,138,
12/13/2019,98,9,0,3,0,0,2,0,0,0,0,0,0,0,41,0,0,151,2,153,
12/20/2019,102,9,0,3,0,0,2,0,0,0,0,0,0,0,33,0,0,147,2,149,
12/27/2019,64,7,0,3,0,0,3,0,0,0,0,0,0,0,22,0,0,96,3,99,
1/3/2020,64,10,0,0,0,0,3,0,0,0,0,0,0,0,8,0,0,82,3,85,
1/10/2020,133,14,0,3,0,0,3,0,0,0,0,0,0,0,50,0,0,200,3,203,
1/17/2020,170,17,0,3,0,0,2,0,0,0,0,0,0,0,52,0,0,242,2,244,
1/24/2020,171,17,0,3,0,0,2,0,0,0,0,0,0,0,51,0,0,242,2,244,
1/31/2020,171,19,0,3,0,0,1,0,0,0,0,0,0,0,53,0,0,246,1,247,
2/7/2020,167,19,0,3,0,0,1,0,0,0,0,0,0,0,67,0,0,256,1,257,
2/14/2020,160,18,0,3,0,0,2,0,0,0,0,0,0,0,72,0,0,253,2,255,
2/21/2020,152,16,0,3,0,0,3,0,0,0,0,0,0,0,70,0,0,241,3,244,
2/28/2020,159,16,0,3,0,0,3,0,0,0,0,0,0,0,59,0,0,237,3,240,
3/6/2020,139,15,0,3,0,0,3,0,0,0,0,0,0,0,43,0,0,200,3,203,
3/13/2020,127,15,0,2,0,0,2,0,0,0,0,0,0,0,29,0,0,173,2,175,
3/20/2020,73,11,0,0,0,0,2,0,0,0,0,0,0,0,12,0,0,96,2,98,
3/27/2020,46,7,0,0,0,0,0,0,0,0,0,0,0,0,1,0,0,54,0,54,
4/3/2020,29,10,0,0,0,0,1,0,0,0,0,0,0,0,1,0,0,40,1,41,
4/9/2020,22,11,0,0,0,0,1,0,0,0,0,0,0,0,1,0,0,34,1,35,
4/17/2020,17,10,0,0,0,0,1,0,0,0,0,0,0,0,2,0,0,29,1,30,
4/24/2020,16,7,0,0,0,0,1,0,0,0,0,0,0,0,2,0,0,25,1,26,
5/1/2020,16,7,0,0,0,0,2,0,0,0,0,0,0,0,2,0,0,25,2,27,
5/8/2020,15,7,0,0,0,0,2,0,0,0,0,0,0,0,2,0,0,24,2,26,
5/15/2020,11,7,0,0,0,0,3,0,0,0,0,0,0,0,2,0,0,20,3,23,
5/22/2020,10,6,0,0,0,0,3,0,0,0,0,0,0,0,2,0,0,18,3,21,
5/29/2020,10,6,0,0,0,0,2,0,0,0,0,0,0,0,2,0,0,18,2,20,
6/5/2020,11,6,0,0,0,0,2,0,0,0,0,0,0,0,2,0,0,19,2,21,
6/12/2020,11,6,0,0,0,0,2,0,0,0,0,0,0,0,2,0,0,19,2,21,
6/19/2020,7,6,0,0,0,0,2,0,0,0,0,0,0,0,2,0,0,15,2,17,
6/26/2020,5,5,0,0,0,0,1,0,0,0,0,0,0,0,2,0,0,12,1,13,
7/2/2020,9,5,0,0,0,0,2,0,0,0,0,0,0,0,2,0,0,16,2,18,
7/10/2020,16,6,0,0,0,0,2,0,0,0,0,0,0,0,2,0,0,24,2,26,
7/17/2020,20,8,0,0,0,0,1,0,0,0,0,0,0,0,3,0,0,31,1,32,
7/24/2020,28,9,0,0,0,0,1,0,0,0,0,0,0,0,4,0,0,41,1,42,
7/31/2020,29,10,0,0,0,0,1,0,0,0,0,0,0,0,5,0,0,44,1,45,
8/7/2020,31,10,0,0,0,0,1,0,0,0,0,0,0,0,5,0,0,46,1,47,
8/14/2020,33,11,0,0,0,0,2,0,0,0,0,0,0,0,8,0,0,52,2,54,
8/21/2020,32,14,0,0,0,0,2,0,0,0,0,0,0,0,8,0,0,54,2,56,
8/28/2020,30,14,0,0,0,0,1,0,0,0,0,0,0,0,9,0,0,53,1,54,
9/4/2020,28,14,0,0,0,0,2,0,0,0,0,0,0,0,8,0,0,50,2,52,
9/11/2020,30,13,0,0,0,0,2,0,0,0,0,0,0,0,7,0,0,50,2,52,
9/18/2020,34,13,0,1,0,0,1,0,0,0,0,0,0,0,15,0,0,63,1,64,
9/25/2020,41,13,0,1,0,0,1,0,0,0,0,0,0,0,15,0,0,70,1,71,
10/2/2020,42,13,0,1,0,0,1,0,0,0,0,0,0,0,18,0,0,74,1,75,
10/9/2020,46,13,0,1,0,0,1,0,0,0,0,0,0,0,19,0,0,79,1,80,
10/16/2020,43,15,0,1,0,0,2,0,0,0,0,0,0,0,19,0,0,78,2,80,
10/23/2020,45,15,0,1,0,0,2,0,0,0,0,0,0,0,20,0,0,81,2,83,
10/30/2020,48,18,0,1,0,0,1,0,0,0,0,0,0,0,18,0,0,85,1,86,
11/6/2020,46,19,0,1,0,0,1,0,0,0,0,0,0,0,19,0,0,85,1,86,
11/13/2020,49,18,0,1,0,0,1,0,0,0,0,0,0,0,20,0,0,88,1,89,
11/20/2020,62,17,0,1,0,0,1,0,0,0,0,0,0,0,20,0,0,100,1,101,
11/25/2020,62,19,0,1,0,0,0,0,0,0,0,0,0,0,20,0,0,102,0,102,
12/4/2020,63,19,0,1,0,0,0,0,0,0,0,0,0,0,19,0,0,102,0,102,
12/11/2020,69,18,0,1,0,0,0,0,0,0,0,0,0,0,23,0,0,111,0,111,
12/18/2020,67,18,0,1,0,0,1,0,0,0,0,0,0,0,15,0,0,101,1,102,
12/23/2020,57,14,0,1,0,0,1,0,0,0,0,0,0,0,9,0,0,81,1,82,
12/31/2020,48,9,0,0,0,0,1,0,0,0,0,0,0,0,1,0,0,58,1,59,
1/8/2021,81,17,0,1,0,0,0,0,0,0,0,0,0,0,18,0,0,117,0,117,
1/15/2021,108,19,0,3,0,0,1,0,0,0,0,0,0,0,30,0,0,160,1,161,
1/22/2021,116,22,0,3,0,0,1,0,0,0,0,0,0,0,30,0,0,171,1,172,
1/29/2021,114,22,0,3,0,0,1,0,0,0,0,0,0,0,34,0,0,173,1,174,
2/5/2021,113,21,0,3,0,0,1,0,0,0,0,0,0,0,33,0,0,170,1,171,
2/12/2021,118,21,0,3,0,0,1,0,0,0,0,0,0,0,33,0,0,175,1,176,
2/19/2021,111,22,0,3,0,0,1,0,0,0,0,0,0,0,35,0,0,171,1,172,
2/26/2021,102,21,0,3,0,0,1,0,0,0,0,0,0,0,36,0,0,162,1,163,
3/5/2021,91,19,0,3,0,0,0,0,0,0,0,0,0,0,28,0,0,141,0,141,
3/12/2021,80,19,0,1,0,0,0,0,0,0,0,0,0,0,16,0,0,116,0,116,
3/19/2021,68,16,0,0,0,0,0,0,0,0,0,0,0,0,8,0,0,92,0,92,
3/26/2021,60,18,0,0,0,0,0,0,0,0,0,0,0,0,3,0,0,81,0,81,
4/1/2021,51,17,0,0,0,0,0,0,0,0,0,0,0,0,1,0,0,69,0,69,
4/9/2021,44,13,0,0,0,0,0,0,0,0,0,0,0,0,1,0,0,58,0,58,
4/16/2021,41,14,0,0,0,0,1,0,0,0,0,0,0,0,0,0,0,55,1,56,
4/23/2021,40,14,0,0,0,0,1,0,0,0,0,0,0,0,0,0,0,54,1,55,
4/30/2021,35,12,0,0,0,0,1,0,0,0,0,0,0,0,3,0,0,50,1,51,
5/7/2021,38,11,0,0,0,0,1,0,0,0,0,0,0,0,5,0,0,54,1,55,
5/14/2021,39,11,0,0,0,0,1,0,0,0,0,0,0,0,8,0,0,58,1,59,
5/21/2021,36,11,0,0,0,0,1,0,0,0,0,0,0,0,10,0,0,57,1,58,
5/28/2021,37,11,0,0,0,0,1,0,0,0,0,0,0,0,13,0,0,61,1,62,
6/4/2021,42,12,0,2,0,0,2,0,0,0,0,0,0,0,19,0,0,75,2,77,
6/11/2021,52,11,0,2,0,0,2,0,0,0,0,0,0,0,26,0,0,91,2,93,
6/18/2021,71,14,0,3,0,0,2,0,0,0,0,0,0,0,27,0,0,115,2,117,
6/25/2021,76,14,0,3,0,0,2,0,0,0,0,0,0,0,31,0,0,124,2,126,
7/2/2021,84,15,0,2,0,0,2,0,0,0,0,0,0,0,33,0,0,134,2,136,
7/9/2021,88,16,0,3,0,0,1,0,0,0,0,0,0,0,29,0,0,136,1,137,
7/16/2021,98,18,0,3,0,0,1,0,0,0,0,0,0,0,30,0,0,149,1,150,
7/23/2021,95,19,0,3,0,0,1,0,0,0,0,0,0,0,31,0,0,148,1,149,
7/30/2021,100,21,0,3,0,0,0,0,0,0,0,0,0,0,29,0,0,153,0,153,
8/6/2021,102,21,0,3,0,0,1,0,0,0,0,0,0,0,29,0,0,155,1,156,
8/13/2021,109,20,0,3,0,0,1,0,0,0,0,0,0,0,31,0,0,163,1,164,
8/20/2021,104,20,0,3,0,0,0,0,0,0,0,0,0,0,29,0,0,156,0,156,
8/27/2021,99,20,0,3,0,0,1,0,0,0,0,0,0,0,24,0,0,146,1,147,
9/3/2021,102,18,0,3,0,0,1,0,0,0,0,0,0,0,28,0,0,151,1,152,
9/10/2021,95,18,0,3,0,0,1,0,0,0,0,0,0,0,26,0,0,142,1,143,
9/17/2021,106,18,0,3,0,0,1,0,0,0,0,0,0,0,26,0,0,153,1,154,
9/24/2021,113,19,0,3,0,0,1,0,0,0,0,0,0,0,26,0,0,161,1,162,
10/1/2021,117,19,0,3,0,0,1,0,0,0,0,0,0,0,25,0,0,164,1,165,
10/8/2021,118,20,0,3,0,0,1,0,0,0,0,0,0,0,25,0,0,166,1,167,
10/15/2021,119,19,0,3,0,0,1,0,0,0,0,0,0,0,26,0,0,167,1,168,
10/22/2021,119,16,0,3,0,0,1,0,0,0,0,0,0,0,25,0,0,163,1,164,
10/29/2021,118,16,0,3,0,0,1,0,0,0,0,0,0,0,28,0,0,165,1,166,
11/5/2021,111,15,0,3,0,0,1,0,0,0,0,0,0,0,30,0,0,159,1,160,
11/12/2021,118,12,0,3,0,0,1,0,0,0,0,0,0,0,34,0,0,167,1,168,
11/19/2021,115,12,0,3,0,0,1,0,0,0,0,0,0,0,36,0,0,166,1,167,
11/24/2021,118,11,0,3,0,0,1,0,0,0,0,0,0,0,38,0,0,170,1,171,
12/3/2021,129,11,0,3,0,0,1,0,0,0,0,0,0,0,36,0,0,179,1,180,
12/10/2021,124,11,0,3,0,0,1,0,0,0,0,0,0,0,38,0,0,176,1,177,
12/17/2021,116,11,0,3,0,0,1,0,0,0,0,0,0,0,36,0,0,166,1,167,
12/23/2021,88,12,0,3,0,0,1,0,0,0,0,0,0,0,29,0,0,132,1,133,
12/31/2021,65,11,0,1,0,0,0,0,0,0,0,0,0,0,13,0,0,90,0,90,
1/7/2022,105,11,0,2,0,0,0,0,0,0,0,0,0,0,23,0,0,141,0,141,
1/14/2022,139,14,0,4,0,0,0,0,0,0,0,0,0,0,34,0,0,191,0,191,
1/21/2022,161,15,0,4,0,0,0,0,0,0,0,0,0,0,32,0,0,212,0,212,
1/28/2022,164,15,0,4,0,0,1,0,0,0,0,0,0,0,33,0,0,216,1,217,
2/4/2022,166,15,0,4,0,0,1,0,0,0,0,0,0,0,32,0,0,217,1,218,
2/11/2022,167,15,0,4,0,0,1,0,0,0,0,0,0,0,32,0,0,218,1,219,
2/18/2022,166,16,0,4,0,0,1,0,0,0,0,0,0,0,33,0,0,219,1,220,
2/25/2022,171,16,0,4,0,0,1,0,0,0,0,0,0,0,32,0,0,223,1,224,
3/4/2022,166,16,0,4,0,0,0,0,0,0,0,0,0,0,31,0,0,217,0,217,
3/11/2022,162,15,0,4,0,0,0,0,0,0,0,0,0,0,25,0,0,206,0,206,
3/18/2022,147,14,0,4,0,0,1,0,0,0,0,0,0,0,10,0,0,175,1,176,
3/25/2022,123,13,0,0,0,0,1,0,0,0,0,0,0,0,3,0,0,139,1,140,
4/1/2022,108,12,0,0,0,0,1,0,0,0,0,0,0,0,3,0,0,123,1,124,
4/8/2022,97,11,0,0,0,0,1,0,0,0,0,0,0,0,2,0,0,110,1,111,
4/14/2022,89,11,0,0,0,0,1,0,0,0,0,0,0,0,2,0,0,102,1,103,
4/22/2022,87,11,0,0,0,0,1,0,0,0,0,0,0,0,2,0,0,100,1,101,
4/29/2022,82,11,0,0,0,0,1,0,0,0,0,0,0,0,1,0,0,94,1,95,
5/6/2022,78,11,0,0,0,0,0,0,0,0,0,0,0,0,2,0,0,91,0,91,
5/13/2022,75,11,0,0,0,0,0,0,0,0,0,0,0,0,2,0,0,88,0,88,
5/20/2022,68,13,0,0,0,0,1,0,0,0,0,0,0,0,6,0,0,87,1,88,
5/27/2022,75,13,0,0,0,0,2,0,0,0,0,0,0,0,13,0,0,101,2,103,
6/3/2022,85,10,0,0,0,0,2,0,0,0,0,0,0,0,20,0,0,115,2,117,
6/10/2022,102,8,0,1,0,0,2,0,0,0,0,0,0,0,28,0,0,139,2,141,
6/17/2022,109,10,0,2,0,0,1,0,0,0,0,0,0,0,34,0,0,155,1,156,
6/24/2022,105,9,0,2,0,0,1,0,0,0,0,0,0,0,37,0,0,153,1,154,
7/1/2022,111,11,0,2,0,0,2,0,0,0,0,0,0,0,40,0,0,164,2,166,
7/8/2022,118,11,0,2,0,0,2,0,0,0,0,0,0,0,42,0,0,173,2,175,
7/15/2022,129,12,0,3,0,0,2,0,0,0,0,0,0,0,45,0,0,189,2,191,
7/22/2022,134,11,0,3,0,0,2,0,0,0,0,0,0,0,45,0,0,193,2,195,
7/29/2022,144,12,0,3,0,0,2,0,0,0,0,0,0,0,43,0,0,202,2,204,
8/5/2022,141,13,0,3,0,0,2,0,0,0,0,0,0,0,44,0,0,201,2,203,
8/12/2022,142,13,0,3,0,0,1,0,0,0,0,0,0,0,42,0,0,200,1,201,
8/19/2022,143,13,0,3,0,0,1,0,0,0,0,0,0,0,41,0,0,200,1,201,
8/26/2022,142,13,0,3,0,0,1,0,0,0,0,0,0,0,42,0,0,200,1,201,
9/2/2022,148,13,0,3,0,0,2,0,0,0,0,0,0,0,42,0,0,206,2,208,
9/9/2022,145,13,0,4,0,0,2,0,0,0,0,0,0,0,41,0,0,203,2,205,
9/16/2022,151,14,0,3,0,0,0,0,0,0,0,0,0,0,43,0,0,211,0,211,
9/23/2022,154,15,0,3,0,0,0,0,0,0,0,0,0,0,43,0,0,215,0,215,
9/30/2022,149,15,0,3,0,0,0,0,0,0,0,0,0,0,46,0,0,213,0,213,
10/7/2022,148,15,0,3,0,0,1,0,0,0,0,0,0,0,48,0,0,214,1,215,
10/14/2022,149,16,0,3,0,0,1,0,0,0,0,0,0,0,47,0,0,215,1,216,
10/21/2022,144,14,0,4,0,0,1,0,0,0,0,0,0,0,47,0,0,209,1,210,
10/28/2022,149,14,0,3,0,0,0,0,0,0,0,0,0,0,46,0,0,212,0,212,
11/4/2022,149,15,0,3,0,0,0,0,0,0,0,0,0,0,42,0,0,209,0,209,
11/10/2022,144,14,0,3,0,0,0,0,0,0,0,0,0,0,39,0,0,200,0,200,
11/18/2022,147,14,0,3,0,0,0,0,0,0,0,0,0,0,37,0,0,201,0,201,
11/23/2022,145,15,0,4,0,0,0,0,0,0,0,0,0,0,30,0,0,194,0,194,
12/2/2022,150,14,0,4,0,0,0,0,0,0,0,0,0,0,27,0,0,195,0,195,
12/9/2022,152,16,0,4,0,0,0,0,0,0,0,0,0,0,30,0,0,202,0,202,
12/16/2022,153,16,0,4,0,0,0,0,0,0,0,0,0,0,26,0,0,199,0,199,
12/22/2022,78,16,0,0,0,0,0,0,0,0,0,0,0,0,2,0,0,96,0,96,
12/30/2022,69,13,0,0,0,0,0,0,0,0,0,0,0,0,2,0,0,84,0,84,
1/6/2023,141,15,0,3,0,0,1,0,0,0,0,0,0,0,29,0,0,188,1,189,
1/13/2023,170,17,0,4,0,0,1,0,0,0,0,0,0,0,35,0,0,226,1,227,
1/20/2023,183,17,0,4,0,0,1,0,0,0,0,0,0,0,36,0,0,240,1,241,
1/27/2023,183,18,0,4,0,0,1,0,0,0,0,0,0,0,41,0,0,246,1,247,
2/3/2023,188,19,0,4,0,0,0,0,0,0,0,0,0,0,38,0,0,249,0,249,
2/10/2023,187,19,0,4,0,0,0,0,0,0,0,0,0,0,40,0,0,250,0,250,
2/17/2023,184,19,0,4,0,0,0,0,0,0,0,0,0,0,41,0,0,248,0,248,
2/24/2023,180,19,0,4,0,0,0,0,0,0,0,0,0,0,41,0,0,244,0,244,
3/3/2023,184,18,0,4,0,0,0,0,0,0,0,0,0,0,40,0,0,246,0,246,
3/10/2023,166,19,0,4,0,0,0,0,0,0,0,0,0,0,34,0,0,223,0,223,
3/17/2023,161,19,0,3,0,0,0,0,0,0,0,0,0,0,24,0,0,207,0,207,
3/24/2023,141,17,0,0,0,0,1,0,0,0,0,0,0,0,6,0,0,164,1,165,
3/31/2023,114,21,0,0,0,0,1,0,0,0,0,0,0,0,3,0,0,138,1,139,
4/6/2023,104,20,0,0,0,0,1,0,0,0,0,0,0,0,2,0,0,126,1,127,
4/14/2023,89,19,0,0,0,0,1,0,0,0,0,0,0,0,2,0,0,110,1,111,
4/21/2023,82,20,0,0,0,0,1,0,0,0,0,0,0,0,2,0,0,104,1,105,
4/28/2023,72,17,0,0,0,0,1,0,0,0,0,0,0,0,3,0,0,92,1,93,
5/5/2023,68,21,0,0,0,0,1,0,0,0,0,0,0,0,3,0,0,92,1,93,
5/12/2023,69,21,0,0,0,0,2,0,0,0,0,0,0,0,2,0,0,92,2,94,
5/19/2023,63,18,0,0,0,0,2,0,0,0,0,0,0,0,2,0,0,83,2,85,